source_bmp,distributed_png,sha256_bmp,sha256_png
0.bmp,back.png,f52ebe8e830e7209e3b62bcd72ea67d0c986fcc489fb69f8edd66eaec4f61801,c3d6dc95892093c716584650849621bf00e8d749b784c23aaef68036ed47f0e8
toys-001.bmp,toys-001.png,87a24ae16e13277d8b04331995743d2e66b4d0c0048668003c16228ae4c8fef9,b209c6a2aaf9814d0f1bccf74e4c3988d966cf55feafdc4e603ab88851c154cf
toys-002.bmp,toys-002.png,9a51924270593a10c88d8d2023f3261c57f8308945ea8486ae47818998b6945a,cad0919dd8a4326e6f23d30aa34014375e08725c9897762704455244d3a21ab7
toys-003.bmp,toys-003.png,e7f89022ecc18a945ba4dd14bc9db2581f385c07cab6e7810f28c11035a08b80,fa93ff7f13dab904b5ab7611a5b33983f8285ab801c68e7423a0e10016dcfaea
toys-004.bmp,toys-004.png,8722fac2f6d710851d6423f9a16bef85a3bd172037534df976e69cfc7c9bfbe0,d413182206bbd366ea3d16ba192e05eaecae0db1e4f0b4648081e34c46f42c18
toys-005.bmp,toys-005.png,837b182b507d63eaed39291cd500f160bd73def6871059baf09f0776012ee651,c7b33baddc7dcf57fbf25cc33bb2db2211ba70858a8c812a40ce037605a466ee
toys-006.bmp,toys-006.png,4e6518d58eb39abc687f71f6cec039dcf457427a65912474d8ea05b02a01d607,984f15ed1cbad81911dd3920be67aaf1d45f6aea9abd63eda9268515f65fa28b
toys-007.bmp,toys-007.png,8ac0989e087eeade0416961d5fc6d5f8e4f39aecfc16fd19c6033e0ec399940e,2bc62293b5d24192132b74051a329a3642ef951c5d337366461fcc97616ca9cb
toys-008.bmp,toys-008.png,eb6a1a2af7962d7f04e98eb82518e0e82133ee8ed8d0c6e72012a5861f485d8b,19b4952b51ce360a527620dd5705c42fa50f40342f61113b95271fa1e12e04fa
toys-009.bmp,toys-009.png,e796e774d12ee7b1354162f6f77384209c1a5ca68658f048c7ba18cc11481115,b4c056008c8fc11e9d30520056a7e642f0f4018e224108fb6d5267ce451f14dd
toys-010.bmp,toys-010.png,72dc8291807a4b6dcc5c5603cfaf00d39ecfd943d0b2b9a2cdf2209b482ba510,098c7f7dc88e31e630ae0ceb3866a43a3fbdb18ad2286acedeed45241fcd3a00
toys-011.bmp,toys-011.png,07646cb5bba7f1265dc0279df3ee36bb39f0afc27c25cb14cadef4864ab8d297,c0f58f706168669ce75437f98ae861daa7a95cff7f10f4861d60ebd52c1d97d9
toys-012.bmp,toys-012.png,d60ef9f782b805a2b6f630d154cf9c3f46c1e1fc2d3e9d9ed7241a6ee70422b6,972118f9c0f51dcf3252623b503441709a01d255905f4fda5ee0960eb90f7b61
toys-013.bmp,toys-013.png,fb32f8f813ca97db53afa890bff80b732d17626d55bd97408b2e67a4f691782b,9129d26117a2c493cb67311e0dda410011dd60eecde5675f31f950cba8c812bb
toys-014.bmp,toys-014.png,8eba0e29fc8f2a620ead0e56d6209497098c3d020eac86f86f9e386ffa613663,d4d2fc5b2fdb1c93848d1344228b4b4f86cb2a049b1d594c9814036b1d2b4888
toys-016.bmp,toys-016.png,855089fa61cc72bc245ac70702501a90275c700c8e1156494115ab2ba4e316a5,35dec11dc3a785886a70936e4c3bbc098d46b41d20867fd7f8d8d4f51885f7c9
toys-017.bmp,toys-017.png,0f675d07e0e72827adb876ee4e277ae05831381f0e1cc3c1dbab1d1820851140,c4665f6f76ec25977a2006b7b7e0df140fae0e1fdfb55fc403d9500391fc16fd
toys-018.bmp,toys-018.png,fdda737eeea421c44f10fc60a434dd174f98ba8d9aa6f8d9e49f895dd4e2e85a,74ad3ca4d136d42b6fb731547fe19f335f8687963e6eb835effa4031bc95df8d
toys-019.bmp,toys-019.png,bdd90f5beb77841bc54af7ca9d23c0e592921594517cf8348fc85fe14c14ebfe,8d47af39bad8e85e3cf9fd59c020bac311feb29a4ec270f8ab743a826547c23a
toys-020.bmp,toys-020.png,bfb9bce2070cbfe890e8d3a16ae63d834353f7ab02c5f0fbf9833fe2dfb8fe4d,d647860ded63cd0f40582cb0967b792495545f861df5d0a28b9c536664057087
toys-021.bmp,toys-021.png,e3df6fbc443bbffe78f9cb9356ba364f6ce64119631408d03987d4309491b507,2c4277a8b5e1bb9fc4f82a42831bb60d699cf1d3f521be05ac1122d5eafc5b5f
toys-022.bmp,toys-022.png,e8700936eed73a5ea44b85db3ea540ef2770c216e95684d383a35285c087f24e,0dfe9141b5b630d7c8fc7af5165dbff1dc6ad7c9920294266c8023d0657cf8e1
toys-023.bmp,toys-023.png,fbf3b88a72f7f424b8a8f6829c586f600a4a371fdb6214015bbae35d5731a3ae,a35c2754108814f96e9f89c9556fc475fcac6fc51c1e5c0d5548d405e6995cd4
toys-024.bmp,toys-024.png,2032a73c17ba6ec7591634a86b1aff11c87bfc011d0587c42cd8b1a1a278b4aa,f931bde162459fddafaa2e3b956206f58f58c6340963f619f3df57b3a077d416
toys-025.bmp,toys-025.png,9110ee4fc91723660ee3b130c105a7662e2c3a15d17b3e4b4cd3747a57a91827,0cd424c241d4be027a406081c64e6de4f7a659d9d31b5ab56871dadec492cd00
toys-026.bmp,toys-026.png,5863e0c9e41860cfe48e52adc6618d4fba84b72824f561e6ea986a9463551820,4cec7540816f396b51424f4228f85c562315643a9eaf8befa60f3f8390597bd4
toys-027.bmp,toys-027.png,443c1ab09110e46dd2e93f428afeff71fbbab4bc767c49f62d4acb3c2d12d098,eea5032290ed7194a1a541b723ed88dd1b68aec6d3aa71e7e312a5c63b0ab7a3
toys-028.bmp,toys-028.png,3cc40ed3a5aae4e9df78039b037177454bf259ec1904008fbced809fc45d7f88,3f2a9c5d2591437173bd3379adf10d22a1dd992ec266cc235ea89b303cea5b5e
toys-029.bmp,toys-029.png,1670a825398eab0b463abddbe8fa9eddd549d4c6bbc1b2dbcd1353b92ef40b12,7484af261218e142db7d7bd1bbf96e20309b74452e56206d4db9624fe2c7fcd9
toys-030.bmp,toys-030.png,803d9b7ee7a4a49e38461c61f687270fcbf35c57b9ecf52193e7fb28fff36809,4b9287b11003fed1cbb47c52fc5b9ae6dfc6a1a2174b966cfb97aa8145248026
toys-031.bmp,toys-031.png,58b8a13f2dd2c293680381059f92ae4eea2b95fd8785a569ae6ae1afd47d84d1,5a0b8a5ea51a3bf04e50091365d1bb8a293a0743d06839257091842bebf3f103
toys-032.bmp,toys-032.png,97ddb48d15cf7c58f5aa187d1d52d7d8550173f0672b8938b10ac71a1a7a3c1c,5459215ca48494b3a24b047ded25a5e8f8edb3eb4eb5cac05b0c6591076bc7cd
toys-033.bmp,toys-033.png,0689e0ee4548f9a97b5ca3feaaa70bd6980a85d2bf07b659468a076915d3dd3d,d015926062d385efaee51c364aee05e787e576404c5f984f4aad010e514d7806
toys-034.bmp,toys-034.png,41215bf0f6c129bc3f3f1ca4ddee5ec1a67d1d44e3b59b6ce0247427624fa3d3,b4bea485815a0662bb6ee8520209031aa05d930c65af4ab76be39ba80e3529fb
toys-035.bmp,toys-035.png,9cae39a957248fa71f58d7d28f407f83bed7270e1b9ea9e65869e2c6abaa5810,c7ad30356851a964f75edf13472f0e43349f7d64d9c27682c5e6545930d482f5
toys-036.bmp,toys-036.png,63b5fac46cf99b1823deb3156c23606f9a9187e73b6db4d7ee8d34898fd52f65,a3d69e84ca554d6a3f278f47cecf70bb930cd35f49362f79ddfbdfd2eec7b5ba
toys-037.bmp,toys-037.png,e61e5e9e042166b6a89f3bc9945a7820e21e334233131f92bbb12bf6c9a4f5b1,69f3d3d14759ec13f467467027bdadc5ba774148a2a15048a385a3245f2f03a7
toys-038.bmp,toys-038.png,f9203d827bdaca5ea08901ed3d0b641dbd2b192801caf8e697ceb875a27119fe,e2576dec95b75b15ef507ff48b2782bce0d867a354c7d4ae8d3830fe55db36fa
toys-039.bmp,toys-039.png,87bdd3f3bc3a32e632a0f859c1a580fda27ba7dae94aca66924bf5383694d72c,99f22904859b8cb1d72db36ef8b37f8cc9703484d341bcc6a9f916e017573f75
toys-040.bmp,toys-040.png,86cfdac91144769abc7d04fc45225789afd1138e98cbf74f8d1affc598395d8e,d612720319a1228373a3046d3c125122835f6a2f25165867a87b96b4ff6cb751
toys-041.bmp,toys-041.png,bcad2572202c623922325d34332ac8ab16a8b998024e998b9024e9d00db6d3e5,4640e1099f404c6cb5f66e04593f96a20f6633ea2b30eee1643255498fe1a772
toys-042.bmp,toys-042.png,41e40baf5b552f2ef95dfc6b73ae57716327915e13f9ab667d379314865049a1,71d64339acd74e6219d2854e61a62ee5246854ca51819021673deb5d067eeddf
toys-043.bmp,toys-043.png,f146515f08701485063a0ff39e791391461d46f980257964cfc970251fbe2737,403db7381e709ff4843c26e1584a7fb52b83246adfbe082c276798c094c34782
toys-044.bmp,toys-044.png,bbd32b14e252a9518037161571787ad3853a85dbe4011b1452617b5b143945db,3e917e7561ea6b4cd1066a9644cba1df333b96e1d4dbcd93f51fef7654ed0312
toys-045.bmp,toys-045.png,43bd56bc14725f8177db35305bd7f9834bf6f1f318b8834649391ea635d578ae,82927c02d27127bd55883d3828ac61c570ba7f670971c9392e5926328f42f3bc
toys-046.bmp,toys-046.png,0c206cd91481993a75db4007eb6e3dd83372dfb4821183a28ba9587980452239,0352cf0d0934ba8bdf5698743c72acbcc9ac9364d302c137287a907047b4b707
toys-047.bmp,toys-047.png,5b4debd978471d6e809a42f00c773a4647f7c5c863d047dfcc852e0ce1e38905,8867fd96cb7dc8a4cfefc9635dac348583618c05175a3fd4dce0e126ae2d6def
toys-048.bmp,toys-048.png,819fb69306b9a59d70786244dabb2518c416031f9a3fd76e9d58c66ac9ae6ad5,eafc3195a0c3fee22295be4a1354f880358995a593d1fa5e4f4372e4df44e5d9
toys-049.bmp,toys-049.png,963678f9a72d298e887cf6513cecd80d23c853b309ab1614ae91fada35e6db20,f91998e9b1b5300ec29615c196788e86ea5bc7ce8e187945c1cd593269f8d2f4
toys-050.bmp,toys-050.png,3e572a4be094b56747e4729d8b65b02091c942fa3cf22c99e95240753294ed90,66a2882b627c799f56152ad737a4cf2bb76e52f07866b0dd6b727901cf97cacf
toys-051.bmp,toys-051.png,e20450728f90a4ccd3b337f6f0d1cd187b74f2262d80aa90503b859131038aa4,1ab30aeb899bd3736092440039d07bc10551fa1f076ebcc3e3b28d3d587c66fb
toys-052.bmp,toys-052.png,d62b6f1fda8edb063e0e246986b67229867d7db5c31691fb7f350a252b0a14b7,93dc113dd6826ba30c6fe7dc9579cd1238d10b40e23980450c6da7e053a43f02
toys-053.bmp,toys-053.png,d89af565201d06e4359120925186d938084ebe4833f94e6f5d639047b6a008a4,c371475457e00da4d30791d17e38906ffa71a83ba20e2ab4f2418e5473f50d16
toys-054.bmp,toys-054.png,dee01e7c6006ef7b6cc580d8b88e38d5591fe0116b07e0cce420e9b644b04e21,ff83f24e06759d9c16d089acd023a7b5807c6a3c220fe0d7e060cba1540a580e
toys-055.bmp,toys-055.png,aac9d81cd31f73d238532248519ba8896cce738328d0ed5c6f33f5c1597b4650,0f971269ed9bdca313b591301996b6bda6e3506c49d6a7773201439803cff565
toys-056.bmp,toys-056.png,e86ae2f4cc1c314b6da38840eb1ee575c8e8bec8b6b8fab9fe46331f9e0cde39,8197bc52734aab259f4882024bc570291c140ea5008598b4d69829d80fb15060
toys-057.bmp,toys-057.png,dd209021a223b47772aaefc558bfb74eec33e114bd867d02a1457cf32535cd17,67b626a476f43132aacc585af24a77d22734d25c5e8f29701bba8540de89bebb
toys-058.bmp,toys-058.png,7c14444ad1434adb706ab1659de354e5fa008508c37bfc2271fe2309683582e8,8e3b6c6e1207980f9f209860145a128ddbae4a71a241b56fd085cde9b0368df7
toys-059.bmp,toys-059.png,60e3e8963edac3f72e7ec50d29a188565ad733f916eeb92a0461616e001b0c84,45bf4315ebc9dc6f4cc6117b6be2b31b0d9657857ec6985b7b10bf5ba9c269bc
toys-060.bmp,toys-060.png,10d33e28a26ad2401603b231d2e3fed68e30c001126f44b1207bec6053690407,78c82f2233257dfa7a65d60b3ebdb8604c54f1197386c14b29fe213d619a544e
toys-061.bmp,toys-061.png,a97b4f7380b169761072a4c41034bf8ea46c84368bc9240d9e746ed148f44712,872c3c525ff4485a61731a23420310542fb2cdad582a772251bfcf2543a5d972
toys-062.bmp,toys-062.png,450b65c14574b20661862e460bfdb2ff9af56609fd592a1fa3410669780e026d,1a6fd2bf8236337d95a80b20027c721d544ca423617d1264b08efe9982407760
toys-063.bmp,toys-063.png,29c129f71b815a8fba51adb495ef53dbd26b4b17e6e0fadbbf3dff01421f7173,c967494204ce3d402e5cb49219fe44668fd6e0e3b5f7b7e065bc653323e2a96c
toys-064.bmp,toys-064.png,318406f14ff5dc8608639781bf99029bf9c253309e5f25479b3a724d90ca7e6f,41f1332771bfa3bfe15b33798da844276c6b33eeff328e183183e1f4a96686b3
toys-065.bmp,toys-065.png,02711c8b3576aa578ca0dcf114df5e0d774d19774e58d00874af395f92fe423d,5929815018dc6c922dc28cb7da1faebf0288cc7f108586c15be941c12ee2f66b
toys-066.bmp,toys-066.png,266174d96e3c839467bd9d16ea70bafe30b3e6eb509a47ad47a1516e57b1f80c,7aeee48f577d1d4808b64dc8c3b7a8fe934659d456f3ffafe54504687ae920bf
toys-067.bmp,toys-067.png,c77e9a0a4662387950819c57a6ce122390a7f2ac42f41f0cb11f47647f1d181e,ecadad49bc208d21ebda409456a5cb9fdc39bf5fc636dac455d68b3a8a3b6f1a
toys-068.bmp,toys-068.png,21c78f6b496bf69b468d72ab507833b7aea3df2cc2ac9f668c0e7696009fa77f,994095018d071800d49bd99e183406de2d3b83fa5a02668590180ce8d534a654
toys-069.bmp,toys-069.png,ae0bd9ba0e7b8c5456790e66ea619def449c13d30193eda8b84b715b746b4b9a,266198bdc13a1c0d46ef5c719a9acec005d3e6f1d6b23fa6e500eb244f63a4fb
toys-070.bmp,toys-070.png,6ee3354c2e4a4faf665d1fc10fe5645f6789f7a87c1a5969f7f374b579705277,f327b0e8460e0f27b87910242375a226a6bd2ace93506781f30b7385a5bc425d
toys-071.bmp,toys-071.png,ddc06cb65f4f1d1ce40db120c9c968d91c8a3281b183ad92889c32ec149a2c44,b3f7ab3e9cbbff33ca421e055f341d8c33eda3d68f7081cf818d260dd98f05de
toys-072.bmp,toys-072.png,782a5f5884ed51ed7fc73e174648eb01e6cfd3f0c91e0279e49de72d0973ce89,8d09969b8783abe2cd8eeada6a1070876bc2fa40ea2e0bf81aed9caeb6f2e776
