vfs_path,filename,width,height,compressed_bytes,real_bytes,sha256
DATA\PAIR\0.bmp,0.bmp,64,64,17362,12342,f52ebe8e830e7209e3b62bcd72ea67d0c986fcc489fb69f8edd66eaec4f61801
DATA\PAIR\toys-001.bmp,toys-001.bmp,64,64,6822,12342,87a24ae16e13277d8b04331995743d2e66b4d0c0048668003c16228ae4c8fef9
DATA\PAIR\toys-002.bmp,toys-002.bmp,64,64,6573,12342,9a51924270593a10c88d8d2023f3261c57f8308945ea8486ae47818998b6945a
DATA\PAIR\toys-003.bmp,toys-003.bmp,64,64,6038,12342,e7f89022ecc18a945ba4dd14bc9db2581f385c07cab6e7810f28c11035a08b80
DATA\PAIR\toys-004.bmp,toys-004.bmp,64,64,5034,12342,8722fac2f6d710851d6423f9a16bef85a3bd172037534df976e69cfc7c9bfbe0
DATA\PAIR\toys-005.bmp,toys-005.bmp,64,64,6224,12342,837b182b507d63eaed39291cd500f160bd73def6871059baf09f0776012ee651
DATA\PAIR\toys-006.bmp,toys-006.bmp,64,64,7303,12342,4e6518d58eb39abc687f71f6cec039dcf457427a65912474d8ea05b02a01d607
DATA\PAIR\toys-007.bmp,toys-007.bmp,64,64,2668,12342,8ac0989e087eeade0416961d5fc6d5f8e4f39aecfc16fd19c6033e0ec399940e
DATA\PAIR\toys-008.bmp,toys-008.bmp,64,64,6368,12342,eb6a1a2af7962d7f04e98eb82518e0e82133ee8ed8d0c6e72012a5861f485d8b
DATA\PAIR\toys-009.bmp,toys-009.bmp,64,64,5145,12342,e796e774d12ee7b1354162f6f77384209c1a5ca68658f048c7ba18cc11481115
DATA\PAIR\toys-010.bmp,toys-010.bmp,64,64,5695,12342,72dc8291807a4b6dcc5c5603cfaf00d39ecfd943d0b2b9a2cdf2209b482ba510
DATA\PAIR\toys-011.bmp,toys-011.bmp,64,64,5184,12342,07646cb5bba7f1265dc0279df3ee36bb39f0afc27c25cb14cadef4864ab8d297
DATA\PAIR\toys-012.bmp,toys-012.bmp,64,64,4322,12342,d60ef9f782b805a2b6f630d154cf9c3f46c1e1fc2d3e9d9ed7241a6ee70422b6
DATA\PAIR\toys-013.bmp,toys-013.bmp,64,64,5084,12342,fb32f8f813ca97db53afa890bff80b732d17626d55bd97408b2e67a4f691782b
DATA\PAIR\toys-014.bmp,toys-014.bmp,64,64,6421,12342,8eba0e29fc8f2a620ead0e56d6209497098c3d020eac86f86f9e386ffa613663
DATA\PAIR\toys-016.bmp,toys-016.bmp,64,64,8091,12342,855089fa61cc72bc245ac70702501a90275c700c8e1156494115ab2ba4e316a5
DATA\PAIR\toys-017.bmp,toys-017.bmp,64,64,7855,12342,0f675d07e0e72827adb876ee4e277ae05831381f0e1cc3c1dbab1d1820851140
DATA\PAIR\toys-018.bmp,toys-018.bmp,64,64,6287,12342,fdda737eeea421c44f10fc60a434dd174f98ba8d9aa6f8d9e49f895dd4e2e85a
DATA\PAIR\toys-019.bmp,toys-019.bmp,64,64,7910,12342,bdd90f5beb77841bc54af7ca9d23c0e592921594517cf8348fc85fe14c14ebfe
DATA\PAIR\toys-020.bmp,toys-020.bmp,64,64,6579,12342,bfb9bce2070cbfe890e8d3a16ae63d834353f7ab02c5f0fbf9833fe2dfb8fe4d
DATA\PAIR\toys-021.bmp,toys-021.bmp,64,64,5534,12342,e3df6fbc443bbffe78f9cb9356ba364f6ce64119631408d03987d4309491b507
DATA\PAIR\toys-022.bmp,toys-022.bmp,64,64,6241,12342,e8700936eed73a5ea44b85db3ea540ef2770c216e95684d383a35285c087f24e
DATA\PAIR\toys-023.bmp,toys-023.bmp,64,64,10656,12342,fbf3b88a72f7f424b8a8f6829c586f600a4a371fdb6214015bbae35d5731a3ae
DATA\PAIR\toys-024.bmp,toys-024.bmp,64,64,4406,12342,2032a73c17ba6ec7591634a86b1aff11c87bfc011d0587c42cd8b1a1a278b4aa
DATA\PAIR\toys-025.bmp,toys-025.bmp,64,64,6773,12342,9110ee4fc91723660ee3b130c105a7662e2c3a15d17b3e4b4cd3747a57a91827
DATA\PAIR\toys-026.bmp,toys-026.bmp,64,64,8518,12342,5863e0c9e41860cfe48e52adc6618d4fba84b72824f561e6ea986a9463551820
DATA\PAIR\toys-027.bmp,toys-027.bmp,64,64,6348,12342,443c1ab09110e46dd2e93f428afeff71fbbab4bc767c49f62d4acb3c2d12d098
DATA\PAIR\toys-028.bmp,toys-028.bmp,64,64,8163,12342,3cc40ed3a5aae4e9df78039b037177454bf259ec1904008fbced809fc45d7f88
DATA\PAIR\toys-029.bmp,toys-029.bmp,64,64,6538,12342,1670a825398eab0b463abddbe8fa9eddd549d4c6bbc1b2dbcd1353b92ef40b12
DATA\PAIR\toys-030.bmp,toys-030.bmp,64,64,8597,12342,803d9b7ee7a4a49e38461c61f687270fcbf35c57b9ecf52193e7fb28fff36809
DATA\PAIR\toys-031.bmp,toys-031.bmp,64,64,5139,12342,58b8a13f2dd2c293680381059f92ae4eea2b95fd8785a569ae6ae1afd47d84d1
DATA\PAIR\toys-032.bmp,toys-032.bmp,64,64,6601,12342,97ddb48d15cf7c58f5aa187d1d52d7d8550173f0672b8938b10ac71a1a7a3c1c
DATA\PAIR\toys-033.bmp,toys-033.bmp,64,64,5614,12342,0689e0ee4548f9a97b5ca3feaaa70bd6980a85d2bf07b659468a076915d3dd3d
DATA\PAIR\toys-034.bmp,toys-034.bmp,64,64,5141,12342,41215bf0f6c129bc3f3f1ca4ddee5ec1a67d1d44e3b59b6ce0247427624fa3d3
DATA\PAIR\toys-035.bmp,toys-035.bmp,64,64,5321,12342,9cae39a957248fa71f58d7d28f407f83bed7270e1b9ea9e65869e2c6abaa5810
DATA\PAIR\toys-036.bmp,toys-036.bmp,64,64,7039,12342,63b5fac46cf99b1823deb3156c23606f9a9187e73b6db4d7ee8d34898fd52f65
DATA\PAIR\toys-037.bmp,toys-037.bmp,64,64,7659,12342,e61e5e9e042166b6a89f3bc9945a7820e21e334233131f92bbb12bf6c9a4f5b1
DATA\PAIR\toys-038.bmp,toys-038.bmp,64,64,7189,12342,f9203d827bdaca5ea08901ed3d0b641dbd2b192801caf8e697ceb875a27119fe
DATA\PAIR\toys-039.bmp,toys-039.bmp,64,64,8960,12342,87bdd3f3bc3a32e632a0f859c1a580fda27ba7dae94aca66924bf5383694d72c
DATA\PAIR\toys-040.bmp,toys-040.bmp,64,64,8377,12342,86cfdac91144769abc7d04fc45225789afd1138e98cbf74f8d1affc598395d8e
DATA\PAIR\toys-041.bmp,toys-041.bmp,64,64,3034,12342,bcad2572202c623922325d34332ac8ab16a8b998024e998b9024e9d00db6d3e5
DATA\PAIR\toys-042.bmp,toys-042.bmp,64,64,5925,12342,41e40baf5b552f2ef95dfc6b73ae57716327915e13f9ab667d379314865049a1
DATA\PAIR\toys-043.bmp,toys-043.bmp,64,64,5655,12342,f146515f08701485063a0ff39e791391461d46f980257964cfc970251fbe2737
DATA\PAIR\toys-044.bmp,toys-044.bmp,64,64,7474,12342,bbd32b14e252a9518037161571787ad3853a85dbe4011b1452617b5b143945db
DATA\PAIR\toys-045.bmp,toys-045.bmp,64,64,5520,12342,43bd56bc14725f8177db35305bd7f9834bf6f1f318b8834649391ea635d578ae
DATA\PAIR\toys-046.bmp,toys-046.bmp,64,64,4954,12342,0c206cd91481993a75db4007eb6e3dd83372dfb4821183a28ba9587980452239
DATA\PAIR\toys-047.bmp,toys-047.bmp,64,64,6228,12342,5b4debd978471d6e809a42f00c773a4647f7c5c863d047dfcc852e0ce1e38905
DATA\PAIR\toys-048.bmp,toys-048.bmp,64,64,6632,12342,819fb69306b9a59d70786244dabb2518c416031f9a3fd76e9d58c66ac9ae6ad5
DATA\PAIR\toys-049.bmp,toys-049.bmp,64,64,6797,12342,963678f9a72d298e887cf6513cecd80d23c853b309ab1614ae91fada35e6db20
DATA\PAIR\toys-050.bmp,toys-050.bmp,64,64,4374,12342,3e572a4be094b56747e4729d8b65b02091c942fa3cf22c99e95240753294ed90
DATA\PAIR\toys-051.bmp,toys-051.bmp,64,64,6261,12342,e20450728f90a4ccd3b337f6f0d1cd187b74f2262d80aa90503b859131038aa4
DATA\PAIR\toys-052.bmp,toys-052.bmp,64,64,6660,12342,d62b6f1fda8edb063e0e246986b67229867d7db5c31691fb7f350a252b0a14b7
DATA\PAIR\toys-053.bmp,toys-053.bmp,64,64,6170,12342,d89af565201d06e4359120925186d938084ebe4833f94e6f5d639047b6a008a4
DATA\PAIR\toys-054.bmp,toys-054.bmp,64,64,4659,12342,dee01e7c6006ef7b6cc580d8b88e38d5591fe0116b07e0cce420e9b644b04e21
DATA\PAIR\toys-055.bmp,toys-055.bmp,64,64,8791,12342,aac9d81cd31f73d238532248519ba8896cce738328d0ed5c6f33f5c1597b4650
DATA\PAIR\toys-056.bmp,toys-056.bmp,64,64,7040,12342,e86ae2f4cc1c314b6da38840eb1ee575c8e8bec8b6b8fab9fe46331f9e0cde39
DATA\PAIR\toys-057.bmp,toys-057.bmp,64,64,6620,12342,dd209021a223b47772aaefc558bfb74eec33e114bd867d02a1457cf32535cd17
DATA\PAIR\toys-058.bmp,toys-058.bmp,64,64,5671,12342,7c14444ad1434adb706ab1659de354e5fa008508c37bfc2271fe2309683582e8
DATA\PAIR\toys-059.bmp,toys-059.bmp,64,64,7661,12342,60e3e8963edac3f72e7ec50d29a188565ad733f916eeb92a0461616e001b0c84
DATA\PAIR\toys-060.bmp,toys-060.bmp,64,64,8166,12342,10d33e28a26ad2401603b231d2e3fed68e30c001126f44b1207bec6053690407
DATA\PAIR\toys-061.bmp,toys-061.bmp,64,64,4520,12342,a97b4f7380b169761072a4c41034bf8ea46c84368bc9240d9e746ed148f44712
DATA\PAIR\toys-062.bmp,toys-062.bmp,64,64,7927,12342,450b65c14574b20661862e460bfdb2ff9af56609fd592a1fa3410669780e026d
DATA\PAIR\toys-063.bmp,toys-063.bmp,64,64,6619,12342,29c129f71b815a8fba51adb495ef53dbd26b4b17e6e0fadbbf3dff01421f7173
DATA\PAIR\toys-064.bmp,toys-064.bmp,64,64,7946,12342,318406f14ff5dc8608639781bf99029bf9c253309e5f25479b3a724d90ca7e6f
DATA\PAIR\toys-065.bmp,toys-065.bmp,64,64,6062,12342,02711c8b3576aa578ca0dcf114df5e0d774d19774e58d00874af395f92fe423d
DATA\PAIR\toys-066.bmp,toys-066.bmp,64,64,5092,12342,266174d96e3c839467bd9d16ea70bafe30b3e6eb509a47ad47a1516e57b1f80c
DATA\PAIR\toys-067.bmp,toys-067.bmp,64,64,9016,12342,c77e9a0a4662387950819c57a6ce122390a7f2ac42f41f0cb11f47647f1d181e
DATA\PAIR\toys-068.bmp,toys-068.bmp,64,64,7518,12342,21c78f6b496bf69b468d72ab507833b7aea3df2cc2ac9f668c0e7696009fa77f
DATA\PAIR\toys-069.bmp,toys-069.bmp,64,64,6059,12342,ae0bd9ba0e7b8c5456790e66ea619def449c13d30193eda8b84b715b746b4b9a
DATA\PAIR\toys-070.bmp,toys-070.bmp,64,64,8311,12342,6ee3354c2e4a4faf665d1fc10fe5645f6789f7a87c1a5969f7f374b579705277
DATA\PAIR\toys-071.bmp,toys-071.bmp,64,64,7145,12342,ddc06cb65f4f1d1ce40db120c9c968d91c8a3281b183ad92889c32ec149a2c44
DATA\PAIR\toys-072.bmp,toys-072.bmp,64,64,6244,12342,782a5f5884ed51ed7fc73e174648eb01e6cfd3f0c91e0279e49de72d0973ce89
