package,path,category,size,sha256,author_or_metadata,provenance,license,modification_allowed,redistribution_allowed,GPLv3_compatible,status,notes
OS4 1.0final/reference,doc/images/arcproperties.png,documentation-image,1751,5b57ef530ff97f65724b010a7a7bb89340f8d9f141bcd9a5c8ccaf4434906bc7,Unknown,No per-file provenance notice found,UNRESOLVED,NOT ESTABLISHED,NOT ESTABLISHED,NO,QUARANTINE,
OS4 1.0final/reference,doc/images/bubbleblue.png,documentation-image,550,ad8b314f46de12e4a664528c1d56290da5b489cbecac610ace99c65a89941309,Unknown,No per-file provenance notice found,UNRESOLVED,NOT ESTABLISHED,NOT ESTABLISHED,NO,QUARANTINE,
OS4 1.0final/reference,doc/images/bubblebomb.png,documentation-image,506,ada7b7b181a750884d0291f1caf09de43c8265a3c05ff29ce42a9934c106db77,Unknown,No per-file provenance notice found,UNRESOLVED,NOT ESTABLISHED,NOT ESTABLISHED,NO,QUARANTINE,
OS4 1.0final/reference,doc/images/bubblecolourbomb.png,documentation-image,1598,2b114ca556c74d81414e1424a188eef2ff080e4552438abbc7a297627ddcbd97,Unknown,No per-file provenance notice found,UNRESOLVED,NOT ESTABLISHED,NOT ESTABLISHED,NO,QUARANTINE,
OS4 1.0final/reference,doc/images/bubblegreen.png,documentation-image,850,944dcc2504b6252f519da02e2aa53d78e8bbcbd53329f41fd2e3b13e8cdc2870,Unknown,No per-file provenance notice found,UNRESOLVED,NOT ESTABLISHED,NOT ESTABLISHED,NO,QUARANTINE,
OS4 1.0final/reference,doc/images/bubbleorange.png,documentation-image,718,0210073d0ccf35f3c7e813a3952c6c42f40ecddf533ba59baa0d9c22f3ad7e29,Unknown,No per-file provenance notice found,UNRESOLVED,NOT ESTABLISHED,NOT ESTABLISHED,NO,QUARANTINE,
OS4 1.0final/reference,doc/images/bubblepurple.png,documentation-image,617,c04decf06a15ab8f98b5783741f73c578ab42105c6e5d662fb9d4ca22018accb,Unknown,No per-file provenance notice found,UNRESOLVED,NOT ESTABLISHED,NOT ESTABLISHED,NO,QUARANTINE,
OS4 1.0final/reference,doc/images/bubblered.png,documentation-image,790,978a17d11746901662ae963fb5be907db5d30ef65c040cb01ddeec9004a64e3c,Unknown,No per-file provenance notice found,UNRESOLVED,NOT ESTABLISHED,NOT ESTABLISHED,NO,QUARANTINE,
OS4 1.0final/reference,doc/images/bubblespeed.png,documentation-image,1173,9d17f33ea4e8877d34a24dc0bfdb1e1b47e8b5119975a1b1596f038560f2215d,Unknown,No per-file provenance notice found,UNRESOLVED,NOT ESTABLISHED,NOT ESTABLISHED,NO,QUARANTINE,
OS4 1.0final/reference,doc/images/leveleditor.png,documentation-image,23310,56c7e233e3eec8e1083d5aa3aef0a66370a3b6478628e5d962e9ca1a1dcf6a6a,Unknown,No per-file provenance notice found,UNRESOLVED,NOT ESTABLISHED,NOT ESTABLISHED,NO,QUARANTINE,
OS4 1.0final/reference,doc/images/lineproperties.png,documentation-image,1090,665cca7a2977f9b391c7dd0bed42125d5e2b06a545436194a9926faf4ffdb200,Unknown,No per-file provenance notice found,UNRESOLVED,NOT ESTABLISHED,NOT ESTABLISHED,NO,QUARANTINE,
OS4 1.0final/reference,doc/images/mountains.png,documentation-image,32710,ea836c04aa2acef8b9d073f90fb865d4a2af59b7026b6baa2d3672445ae4a46e,Unknown,No per-file provenance notice found,UNRESOLVED,NOT ESTABLISHED,NOT ESTABLISHED,NO,QUARANTINE,
OS4 1.0final/reference,doc/images/spiralproperties.png,documentation-image,1908,39f7855b797930a443cfa7ce5a154b315ab944d82090f1c463e74bcf4a6306fe,Unknown,No per-file provenance notice found,UNRESOLVED,NOT ESTABLISHED,NOT ESTABLISHED,NO,QUARANTINE,
OS4 1.0final/reference,gfx/aboutus.png,graphics/ui-sprite,22490,88d01bd370c26c8c5c01023855175a7ab7424faca33e358212098e9b72e421c9,Unknown,No per-file provenance notice found,UNRESOLVED,NOT ESTABLISHED,NOT ESTABLISHED,NO,QUARANTINE,
OS4 1.0final/reference,gfx/bubbletrain.ico,graphics/ui-sprite,13726,f14fceb0705341a94ccbb8acf4356045695b7fddac1b13dbde3b319e9ab85b8c,Unknown,No per-file provenance notice found,UNRESOLVED,NOT ESTABLISHED,NOT ESTABLISHED,NO,QUARANTINE,
OS4 1.0final/reference,gfx/endgame.png,graphics/ui-sprite,26684,9bff1cc0b1a9fee404cc5981fc2c151906f21ac99295babb8f68821a35e260be,Unknown,No per-file provenance notice found,UNRESOLVED,NOT ESTABLISHED,NOT ESTABLISHED,NO,QUARANTINE,
OS4 1.0final/reference,gfx/fastesttime.png,graphics/ui-sprite,25101,4d1c83db1204d2ba6c6c01f3c0c6d837e7528b4935d3cbf184378adb4b51c582,Unknown,No per-file provenance notice found,UNRESOLVED,NOT ESTABLISHED,NOT ESTABLISHED,NO,QUARANTINE,
OS4 1.0final/reference,gfx/icon.png,graphics/ui-sprite,800,12e7e9f7cced3b34aff2447c4463f3f2addd4901ca9f39a6db847374bdb3855a,Unknown,No per-file provenance notice found,UNRESOLVED,NOT ESTABLISHED,NOT ESTABLISHED,NO,QUARANTINE,
OS4 1.0final/reference,gfx/icon_mask.png,graphics/ui-sprite,251,01f1d69289a97c3056a9bf2f9bb5ba596d3369087ea3a2e55a0ae7995791deb5,Unknown,No per-file provenance notice found,UNRESOLVED,NOT ESTABLISHED,NOT ESTABLISHED,NO,QUARANTINE,
OS4 1.0final/reference,gfx/intro.png,graphics/ui-sprite,24505,5a38c642a779b4a5c36c317387bb4a8416b39b44dc3a94fd02fff42445005723,Unknown,No per-file provenance notice found,UNRESOLVED,NOT ESTABLISHED,NOT ESTABLISHED,NO,QUARANTINE,
OS4 1.0final/reference,gfx/leveleditor/arc-a.png,graphics/ui-sprite,405,70da4be6f6c10ac7aa0985265a40c7a26591fc40f76456b26d4b627e75e085ed,Unknown,No per-file provenance notice found,UNRESOLVED,NOT ESTABLISHED,NOT ESTABLISHED,NO,QUARANTINE,
OS4 1.0final/reference,gfx/leveleditor/arc.png,graphics/ui-sprite,444,4e342a0bc1bde3839815c14d196fd8e7037530ece8dc481bfda0ca470034d934,Unknown,No per-file provenance notice found,UNRESOLVED,NOT ESTABLISHED,NOT ESTABLISHED,NO,QUARANTINE,
OS4 1.0final/reference,gfx/leveleditor/cannonprops.png,graphics/ui-sprite,493,3cdbc06d80adc0a32a018a83cb63975b4d025725d153c6de1b119de328e8457d,Unknown,No per-file provenance notice found,UNRESOLVED,NOT ESTABLISHED,NOT ESTABLISHED,NO,QUARANTINE,
OS4 1.0final/reference,gfx/leveleditor/gridprops.png,graphics/ui-sprite,235,805f21b044ff6920153d22a72817e31a6537441ca813ef2ac1fa7c3718ab1734,Unknown,No per-file provenance notice found,UNRESOLVED,NOT ESTABLISHED,NOT ESTABLISHED,NO,QUARANTINE,
OS4 1.0final/reference,gfx/leveleditor/help.png,graphics/ui-sprite,326,a72b2eefff27e9b4771c9a6f45514af78e735cf1c0b2703e674e7681c66555ad,Unknown,No per-file provenance notice found,UNRESOLVED,NOT ESTABLISHED,NOT ESTABLISHED,NO,QUARANTINE,
OS4 1.0final/reference,gfx/leveleditor/line-a.png,graphics/ui-sprite,451,2c17ea00c5fe49a08d0855c22f35c0c1d94f1ebe8869a000c5821b2f210acdd5,Unknown,No per-file provenance notice found,UNRESOLVED,NOT ESTABLISHED,NOT ESTABLISHED,NO,QUARANTINE,
OS4 1.0final/reference,gfx/leveleditor/line.png,graphics/ui-sprite,456,967184e645235416f5550314f69250680999746c5d6f5edebb06bdd85f3961d3,Unknown,No per-file provenance notice found,UNRESOLVED,NOT ESTABLISHED,NOT ESTABLISHED,NO,QUARANTINE,
OS4 1.0final/reference,gfx/leveleditor/load.png,graphics/ui-sprite,399,c2c353fc3efeca7172c475779794cbbb648192c8f18d54b3aa8dfba962fe29c3,Unknown,No per-file provenance notice found,UNRESOLVED,NOT ESTABLISHED,NOT ESTABLISHED,NO,QUARANTINE,
OS4 1.0final/reference,gfx/leveleditor/newtrack.png,graphics/ui-sprite,608,346bd2dafaf239aabf6088d5c4e649dc8147128ab20e2d7559e09889328d7bd8,Unknown,No per-file provenance notice found,UNRESOLVED,NOT ESTABLISHED,NOT ESTABLISHED,NO,QUARANTINE,
OS4 1.0final/reference,gfx/leveleditor/nexttrack.png,graphics/ui-sprite,666,d72b19f9ee26bb521f7f01a09ae4710dddfc4483698ace00951611f1f7f91cab,Unknown,No per-file provenance notice found,UNRESOLVED,NOT ESTABLISHED,NOT ESTABLISHED,NO,QUARANTINE,
OS4 1.0final/reference,gfx/leveleditor/nexttracksection.png,graphics/ui-sprite,429,515bb356fcfa1c5946c31ae5a7aa0c361de4beb7a16c72167ff88834dff49930,Unknown,No per-file provenance notice found,UNRESOLVED,NOT ESTABLISHED,NOT ESTABLISHED,NO,QUARANTINE,
OS4 1.0final/reference,gfx/leveleditor/previoustrack.png,graphics/ui-sprite,669,2bd47d94fd9bb257bc1d19cda452233d1177c6ed0388f06900586f576023d827,Unknown,No per-file provenance notice found,UNRESOLVED,NOT ESTABLISHED,NOT ESTABLISHED,NO,QUARANTINE,
OS4 1.0final/reference,gfx/leveleditor/previoustracksection.png,graphics/ui-sprite,424,61a8a9f546f716bb89128c43a8979023998242deaf7a9fc6e320fffe0a3bc98e,Unknown,No per-file provenance notice found,UNRESOLVED,NOT ESTABLISHED,NOT ESTABLISHED,NO,QUARANTINE,
OS4 1.0final/reference,gfx/leveleditor/quit.png,graphics/ui-sprite,462,5f3078c7e57e1332630c88ccbc9982ed430528d021774147e2a3dc263557e38b,Unknown,No per-file provenance notice found,UNRESOLVED,NOT ESTABLISHED,NOT ESTABLISHED,NO,QUARANTINE,
OS4 1.0final/reference,gfx/leveleditor/removetrack.png,graphics/ui-sprite,606,d19ed22ce5a9b1ae4b944a58528336f50cd0e40812b02d40ebcb02d43aaf3091,Unknown,No per-file provenance notice found,UNRESOLVED,NOT ESTABLISHED,NOT ESTABLISHED,NO,QUARANTINE,
OS4 1.0final/reference,gfx/leveleditor/removetracksection.png,graphics/ui-sprite,364,5576c649338f1e301245d21964cfae81ee8fad7969f21b8f885e16ed4e3c27ae,Unknown,No per-file provenance notice found,UNRESOLVED,NOT ESTABLISHED,NOT ESTABLISHED,NO,QUARANTINE,
OS4 1.0final/reference,gfx/leveleditor/reversetrack.png,graphics/ui-sprite,836,241b0e8c0e8001bf80a220e3000038781d79bd3dd4e7a598ce6067386300ca63,Unknown,No per-file provenance notice found,UNRESOLVED,NOT ESTABLISHED,NOT ESTABLISHED,NO,QUARANTINE,
OS4 1.0final/reference,gfx/leveleditor/save.png,graphics/ui-sprite,260,f6cc9465d528d6df0afb9520b71954beed6b9f931200a8e1c86da253f3d96f70,Unknown,No per-file provenance notice found,UNRESOLVED,NOT ESTABLISHED,NOT ESTABLISHED,NO,QUARANTINE,
OS4 1.0final/reference,gfx/leveleditor/spiral-a.png,graphics/ui-sprite,591,a7cf9afbfb70a52cb26b0d03eaee7dd6bff94e8fbf6e75ef190d21b8fc67693e,Unknown,No per-file provenance notice found,UNRESOLVED,NOT ESTABLISHED,NOT ESTABLISHED,NO,QUARANTINE,
OS4 1.0final/reference,gfx/leveleditor/spiral.png,graphics/ui-sprite,612,ac44db4242e1bc6886866cb3ab764b18452719e045a3066f51985a2b691e14a4,Unknown,No per-file provenance notice found,UNRESOLVED,NOT ESTABLISHED,NOT ESTABLISHED,NO,QUARANTINE,
OS4 1.0final/reference,gfx/leveleditor/trainprops.png,graphics/ui-sprite,906,756848ca972661c6a7db8066e6f99b25f59c64fd30faf00cb82ac09798b70dea,Unknown,No per-file provenance notice found,UNRESOLVED,NOT ESTABLISHED,NOT ESTABLISHED,NO,QUARANTINE,
OS4 1.0final/reference,gfx/menu.png,graphics/ui-sprite,50386,55fdb55b567d3aa4581ce7ae8951b8f6c6195cf1053cd894a125952a39402dd4,Unknown,No per-file provenance notice found,UNRESOLVED,NOT ESTABLISHED,NOT ESTABLISHED,NO,QUARANTINE,
OS4 1.0final/reference,gfx/menubutton.png,graphics/ui-sprite,4575,ba95abe45d456b578b133f84459de63a88ba9059849ba217884c351166c864b9,Unknown,No per-file provenance notice found,UNRESOLVED,NOT ESTABLISHED,NOT ESTABLISHED,NO,QUARANTINE,
OS4 1.0final/reference,gfx/options.png,graphics/ui-sprite,23760,782ed5dc46a691e62145dea77e76b4f2afbc85e9687bcee89b421a9f5f2563d6,Unknown,No per-file provenance notice found,UNRESOLVED,NOT ESTABLISHED,NOT ESTABLISHED,NO,QUARANTINE,
OS4 1.0final/reference,snd/background_music.wav,audio,640174,164a0e74bf6223b55195e936e74e5c12ff7e646c63d99fdde647d01a34447ff6,Unknown,No per-file provenance notice found,UNRESOLVED,NOT ESTABLISHED,NOT ESTABLISHED,NO,QUARANTINE,
OS4 1.0final/reference,snd/bombs.WAV,audio,27046,f06b14a9d6172efb1d3bb6628f2843325bd5de862eb8b5f352ae07d21ab7b077,Unknown,No per-file provenance notice found,UNRESOLVED,NOT ESTABLISHED,NOT ESTABLISHED,NO,QUARANTINE,
OS4 1.0final/reference,snd/cannon1.wav,audio,44108,e328f6441130326ba5f38d1baf308b6c4b5c0e5beda081176eff97c0ff5ae154,Unknown,No per-file provenance notice found,UNRESOLVED,NOT ESTABLISHED,NOT ESTABLISHED,NO,QUARANTINE,
OS4 1.0final/reference,snd/cannonReloading1.wav,audio,18160,4bddc0080ac743a418cede90fa7fd0bc8aab2e9f9b9fa37b019dc79fa5f91ec9,Unknown,No per-file provenance notice found,UNRESOLVED,NOT ESTABLISHED,NOT ESTABLISHED,NO,QUARANTINE,
OS4 1.0final/reference,snd/cannon_fire.wav,audio,3346,90ebc12fb0454c5e0cdf78c13697871e1820ce69680e54c92f7aa2e93651acf5,Unknown,No per-file provenance notice found,UNRESOLVED,NOT ESTABLISHED,NOT ESTABLISHED,NO,QUARANTINE,title=NoName; encoder=Made by Convert (c) 1994 Jesus Villena 
OS4 1.0final/reference,snd/cannon_move.wav,audio,4182,83420e8816b19aff47f4c0bbbcd5b0e0b356394d2951a69653c60ab1daf8bdd5,A1 Free Sound Effects,Embedded audio metadata,UNRESOLVED,NOT ESTABLISHED,NOT ESTABLISHED,NO,QUARANTINE,copyright metadata=A1 Free Sound Effects; title=Silde Rock
OS4 1.0final/reference,snd/cannon_reload.wav,audio,8590,788b283d6be22f3a8bf7e6eba9a71024cb732896f95d28737f41b889188757ef,Unknown,No per-file provenance notice found,UNRESOLVED,NOT ESTABLISHED,NOT ESTABLISHED,NO,QUARANTINE,
OS4 1.0final/reference,snd/cannon_reload1.wav,audio,18160,4bddc0080ac743a418cede90fa7fd0bc8aab2e9f9b9fa37b019dc79fa5f91ec9,Unknown,No per-file provenance notice found,UNRESOLVED,NOT ESTABLISHED,NOT ESTABLISHED,NO,QUARANTINE,
OS4 1.0final/reference,snd/click.wav,audio,2578,564985bb6f083969752c99b66b0fc752b56ff3c8a82fa88cf291aca5e7ba2539,1995-1998 Microsoft Corporation,Embedded audio metadata,UNRESOLVED,NOT ESTABLISHED,NOT ESTABLISHED,NO,QUARANTINE,copyright metadata=1995-1998 Microsoft Corporation
OS4 1.0final/reference,snd/click1.wav,audio,2202,d5712a8963eb3e1e181b25649ecff3080ede89c96350eb07e7d7cad429e959ea,Unknown,No per-file provenance notice found,UNRESOLVED,NOT ESTABLISHED,NOT ESTABLISHED,NO,QUARANTINE,
OS4 1.0final/reference,snd/gameover.wav,audio,6188,ed89c4d5df0c7fae58697525a12e2a2719c12fb164347217666d5e2418c4401e,Unknown,No per-file provenance notice found,UNRESOLVED,NOT ESTABLISHED,NOT ESTABLISHED,NO,QUARANTINE,
OS4 1.0final/reference,snd/gamewon.wav,audio,12692,d80140bdcb881bd578f4b4c26f6471038cf3849cd77c497b2f1064fbe21b0a0b,Unknown,No per-file provenance notice found,UNRESOLVED,NOT ESTABLISHED,NOT ESTABLISHED,NO,QUARANTINE,
OS4 1.0final/reference,snd/mainmenu_music.wav,audio,491728,3574b785705d674ef3a98961a8b7dc2327bf3b54da3a62793e8c3b4d513f560a,Unknown,No per-file provenance notice found,UNRESOLVED,NOT ESTABLISHED,NOT ESTABLISHED,NO,QUARANTINE,
OS4 1.0final/reference,snd/mainmenu_music2.wav,audio,452014,71746a58b6fc4c1e4c0a31ff1fc8fba60772140c80358b653305636239a2084a,Unknown,No per-file provenance notice found,UNRESOLVED,NOT ESTABLISHED,NOT ESTABLISHED,NO,QUARANTINE,
OS4 1.0final/reference,snd/music.wav,audio,640174,164a0e74bf6223b55195e936e74e5c12ff7e646c63d99fdde647d01a34447ff6,Unknown,No per-file provenance notice found,UNRESOLVED,NOT ESTABLISHED,NOT ESTABLISHED,NO,QUARANTINE,
OS4 1.0final/reference,themes/arctic/Background.png,graphics/theme,20689,020fe61563b4cd614d104d1b12c451553a3db22d191b35656fcc105dab3ee0b3,Unknown,No per-file provenance notice found,UNRESOLVED,NOT ESTABLISHED,NOT ESTABLISHED,NO,QUARANTINE,
OS4 1.0final/reference,themes/arctic/arcticbackground.png,graphics/theme,6389,f9dc109e26048ac49af0c9befea31a675dafac47cb4467b98773f1dab11017cb,Unknown,No per-file provenance notice found,UNRESOLVED,NOT ESTABLISHED,NOT ESTABLISHED,NO,QUARANTINE,
OS4 1.0final/reference,themes/arctic/bubbleblue.png,graphics/theme,550,ad8b314f46de12e4a664528c1d56290da5b489cbecac610ace99c65a89941309,Unknown,No per-file provenance notice found,UNRESOLVED,NOT ESTABLISHED,NOT ESTABLISHED,NO,QUARANTINE,
OS4 1.0final/reference,themes/arctic/bubblebomb.png,graphics/theme,506,ada7b7b181a750884d0291f1caf09de43c8265a3c05ff29ce42a9934c106db77,Unknown,No per-file provenance notice found,UNRESOLVED,NOT ESTABLISHED,NOT ESTABLISHED,NO,QUARANTINE,
OS4 1.0final/reference,themes/arctic/bubblecolourbomb.png,graphics/theme,1598,2b114ca556c74d81414e1424a188eef2ff080e4552438abbc7a297627ddcbd97,Unknown,No per-file provenance notice found,UNRESOLVED,NOT ESTABLISHED,NOT ESTABLISHED,NO,QUARANTINE,
OS4 1.0final/reference,themes/arctic/bubblegreen.png,graphics/theme,850,944dcc2504b6252f519da02e2aa53d78e8bbcbd53329f41fd2e3b13e8cdc2870,Unknown,No per-file provenance notice found,UNRESOLVED,NOT ESTABLISHED,NOT ESTABLISHED,NO,QUARANTINE,
OS4 1.0final/reference,themes/arctic/bubbleorange.png,graphics/theme,718,0210073d0ccf35f3c7e813a3952c6c42f40ecddf533ba59baa0d9c22f3ad7e29,Unknown,No per-file provenance notice found,UNRESOLVED,NOT ESTABLISHED,NOT ESTABLISHED,NO,QUARANTINE,
OS4 1.0final/reference,themes/arctic/bubblepurple.png,graphics/theme,617,c04decf06a15ab8f98b5783741f73c578ab42105c6e5d662fb9d4ca22018accb,Unknown,No per-file provenance notice found,UNRESOLVED,NOT ESTABLISHED,NOT ESTABLISHED,NO,QUARANTINE,
OS4 1.0final/reference,themes/arctic/bubblered.png,graphics/theme,790,978a17d11746901662ae963fb5be907db5d30ef65c040cb01ddeec9004a64e3c,Unknown,No per-file provenance notice found,UNRESOLVED,NOT ESTABLISHED,NOT ESTABLISHED,NO,QUARANTINE,
OS4 1.0final/reference,themes/arctic/bubblespeed.png,graphics/theme,1173,9d17f33ea4e8877d34a24dc0bfdb1e1b47e8b5119975a1b1596f038560f2215d,Unknown,No per-file provenance notice found,UNRESOLVED,NOT ESTABLISHED,NOT ESTABLISHED,NO,QUARANTINE,
OS4 1.0final/reference,themes/arctic/cannon.png,graphics/theme,662,6c4474518b795077f508044d176842da2cf5190dd8aeea923390b14822dfd4bc,Unknown,No per-file provenance notice found,UNRESOLVED,NOT ESTABLISHED,NOT ESTABLISHED,NO,QUARANTINE,
OS4 1.0final/reference,themes/arctic/cannon1.wav,audio,44108,e328f6441130326ba5f38d1baf308b6c4b5c0e5beda081176eff97c0ff5ae154,Unknown,No per-file provenance notice found,UNRESOLVED,NOT ESTABLISHED,NOT ESTABLISHED,NO,QUARANTINE,
OS4 1.0final/reference,themes/arctic/font-agentorange-yellow-14pt.png,font-bitmap,13075,8d062177691f5b33df8df8819ab8f1531a25810946f5623a9c30783fa2e468f4,Unknown,No per-file provenance notice found,UNRESOLVED,NOT ESTABLISHED,NOT ESTABLISHED,NO,QUARANTINE,Filename identifies Agent Orange font-derived bitmap; license not bundled
OS4 1.0final/reference,themes/arctic/font_arial_20.png,font-bitmap,5304,51d77238eb14e1e013ffc2c9fbb68ac6659849563d5472c0b9a70131342dee2c,Unknown,No per-file provenance notice found,UNRESOLVED,NOT ESTABLISHED,NOT ESTABLISHED,NO,QUARANTINE,Filename identifies Arial-derived bitmap font; treat as third-party unless separately cleared
OS4 1.0final/reference,themes/arctic/font_bubbleboy_16.png,font-bitmap,3585,fbe3d695b4a11c64743d49e04d3d8d5ad0e748210eabe6a98acd4d608169f433,Unknown,No per-file provenance notice found,UNRESOLVED,NOT ESTABLISHED,NOT ESTABLISHED,NO,QUARANTINE,Filename identifies BubbleBoy font-derived bitmap; license not bundled
OS4 1.0final/reference,themes/arctic/font_bubbleboy_20.png,font-bitmap,4295,32a6dd08bf902d813b7559156acca72371c0344f3479971a5017c798f587db6d,Unknown,No per-file provenance notice found,UNRESOLVED,NOT ESTABLISHED,NOT ESTABLISHED,NO,QUARANTINE,Filename identifies BubbleBoy font-derived bitmap; license not bundled
OS4 1.0final/reference,themes/arctic/font_bubbleboy_20_orange.png,font-bitmap,1621,2b549bbe41ba7df21a6984e2e51c7cba4b63a82e13160d20bf7a8215540433b5,Unknown,No per-file provenance notice found,UNRESOLVED,NOT ESTABLISHED,NOT ESTABLISHED,NO,QUARANTINE,Filename identifies BubbleBoy font-derived bitmap; license not bundled
OS4 1.0final/reference,themes/arctic/font_bubbleboy_30.png,font-bitmap,6928,5000eade80c15d7f119f8ca224fb375b6fd6cc898790b389985bda31c1a102ee,Unknown,No per-file provenance notice found,UNRESOLVED,NOT ESTABLISHED,NOT ESTABLISHED,NO,QUARANTINE,Filename identifies BubbleBoy font-derived bitmap; license not bundled
OS4 1.0final/reference,themes/arctic/font_sans_blue_10pt.png,font-bitmap,2555,088669025d454284e32c3828fd673c4b93e6175989bb974cc4e21f3a13b53f2b,Unknown,No per-file provenance notice found,UNRESOLVED,NOT ESTABLISHED,NOT ESTABLISHED,NO,QUARANTINE,
OS4 1.0final/reference,themes/arctic/font_sans_blue_12pt.png,font-bitmap,2994,839ba829b2545796c3ee7faa67ebfc308eb805863f73e341eb4f6b742454e620,Unknown,No per-file provenance notice found,UNRESOLVED,NOT ESTABLISHED,NOT ESTABLISHED,NO,QUARANTINE,
OS4 1.0final/reference,themes/arctic/font_sans_blue_16pt.png,font-bitmap,4148,e355b9b049a5d6073918f4713c97b881f3c8447b99c0af6e923ef923730a41be,Unknown,No per-file provenance notice found,UNRESOLVED,NOT ESTABLISHED,NOT ESTABLISHED,NO,QUARANTINE,
OS4 1.0final/reference,themes/arctic/font_sans_white_10pt.png,font-bitmap,2576,ec219b6cb8914b317dcf33936298db406a04d61cad88fb92d3823d4323991229,Unknown,No per-file provenance notice found,UNRESOLVED,NOT ESTABLISHED,NOT ESTABLISHED,NO,QUARANTINE,
OS4 1.0final/reference,themes/arctic/hud.png,graphics/theme,578,04089726ab9b0cbe93f9c4d96056ac757b93289bd9a5584e55c20aea0709bc26,Unknown,No per-file provenance notice found,UNRESOLVED,NOT ESTABLISHED,NOT ESTABLISHED,NO,QUARANTINE,
OS4 1.0final/reference,themes/arctic/icebluebubble.png,graphics/theme,984,9ee37134ff1692bedf2eb88e1f8982c0e9f0edc5865c034b87d64edb2d5b7166,Unknown,No per-file provenance notice found,UNRESOLVED,NOT ESTABLISHED,NOT ESTABLISHED,NO,QUARANTINE,
OS4 1.0final/reference,themes/arctic/icebombbubble.png,graphics/theme,433,f890ab9d6f2e6085f6847f4868b5c07115fbb4b50eafeb2a7f9d5e68b75950e0,Unknown,No per-file provenance notice found,UNRESOLVED,NOT ESTABLISHED,NOT ESTABLISHED,NO,QUARANTINE,
OS4 1.0final/reference,themes/arctic/icecannon.png,graphics/theme,590,f93596a546291915d32221ce41ed7cd34422e59fad44215468cf54de8486caab,Unknown,No per-file provenance notice found,UNRESOLVED,NOT ESTABLISHED,NOT ESTABLISHED,NO,QUARANTINE,
OS4 1.0final/reference,themes/arctic/icecolourbombbubble.png,graphics/theme,1377,71accf49a0cc802f73ae8dcbcd54b5bee48f94928e2e30ce507c6ffb52f8b565,Unknown,No per-file provenance notice found,UNRESOLVED,NOT ESTABLISHED,NOT ESTABLISHED,NO,QUARANTINE,
OS4 1.0final/reference,themes/arctic/icegreenbubble.png,graphics/theme,1180,8f6fd6224349a2bfa2859122111ec68899a3aa0d66dc0f323d2f11ae597beed4,Unknown,No per-file provenance notice found,UNRESOLVED,NOT ESTABLISHED,NOT ESTABLISHED,NO,QUARANTINE,
OS4 1.0final/reference,themes/arctic/icehud.png,graphics/theme,1633,431b3cca582f34605518b1639794601d1ae5082246d81bc1a436f994073f3fa7,Unknown,No per-file provenance notice found,UNRESOLVED,NOT ESTABLISHED,NOT ESTABLISHED,NO,QUARANTINE,
OS4 1.0final/reference,themes/arctic/iceorangebubble.png,graphics/theme,1028,e34ee4d16803202d7035d407fed7fe6be46c1fb6c973b9e47e8f5be53b955b58,Unknown,No per-file provenance notice found,UNRESOLVED,NOT ESTABLISHED,NOT ESTABLISHED,NO,QUARANTINE,
OS4 1.0final/reference,themes/arctic/icepurplebubble.png,graphics/theme,1024,83b2c3d33acf7511d76afa8e9d723b4216c01df06f303cd0f40c13d17b55227b,Unknown,No per-file provenance notice found,UNRESOLVED,NOT ESTABLISHED,NOT ESTABLISHED,NO,QUARANTINE,
OS4 1.0final/reference,themes/arctic/iceredbubble.png,graphics/theme,1214,776a9e719ae32358a4da405e55ee44130ce0189252522eed28ef3a0c567aba8d,Unknown,No per-file provenance notice found,UNRESOLVED,NOT ESTABLISHED,NOT ESTABLISHED,NO,QUARANTINE,
OS4 1.0final/reference,themes/arctic/icespeedbubble.png,graphics/theme,1385,c2335c8f247d08bf661cbef3d80d0e9a1e9119422774e90e4d98f9c6466856fd,Unknown,No per-file provenance notice found,UNRESOLVED,NOT ESTABLISHED,NOT ESTABLISHED,NO,QUARANTINE,
OS4 1.0final/reference,themes/arctic/music.wav,audio,640174,164a0e74bf6223b55195e936e74e5c12ff7e646c63d99fdde647d01a34447ff6,Unknown,No per-file provenance notice found,UNRESOLVED,NOT ESTABLISHED,NOT ESTABLISHED,NO,QUARANTINE,
OS4 1.0final/reference,themes/beach/Background.png,graphics/theme,20689,020fe61563b4cd614d104d1b12c451553a3db22d191b35656fcc105dab3ee0b3,Unknown,No per-file provenance notice found,UNRESOLVED,NOT ESTABLISHED,NOT ESTABLISHED,NO,QUARANTINE,
OS4 1.0final/reference,themes/beach/beachbackground.png,graphics/theme,14892,50ad4e413cb2796ec534c071725c08a536240224bc804a04d260c423412849a4,Unknown,No per-file provenance notice found,UNRESOLVED,NOT ESTABLISHED,NOT ESTABLISHED,NO,QUARANTINE,
OS4 1.0final/reference,themes/beach/bubbleblue.png,graphics/theme,550,ad8b314f46de12e4a664528c1d56290da5b489cbecac610ace99c65a89941309,Unknown,No per-file provenance notice found,UNRESOLVED,NOT ESTABLISHED,NOT ESTABLISHED,NO,QUARANTINE,
OS4 1.0final/reference,themes/beach/bubblebomb.png,graphics/theme,506,ada7b7b181a750884d0291f1caf09de43c8265a3c05ff29ce42a9934c106db77,Unknown,No per-file provenance notice found,UNRESOLVED,NOT ESTABLISHED,NOT ESTABLISHED,NO,QUARANTINE,
OS4 1.0final/reference,themes/beach/bubblecolourbomb.png,graphics/theme,1598,2b114ca556c74d81414e1424a188eef2ff080e4552438abbc7a297627ddcbd97,Unknown,No per-file provenance notice found,UNRESOLVED,NOT ESTABLISHED,NOT ESTABLISHED,NO,QUARANTINE,
OS4 1.0final/reference,themes/beach/bubblegreen.png,graphics/theme,850,944dcc2504b6252f519da02e2aa53d78e8bbcbd53329f41fd2e3b13e8cdc2870,Unknown,No per-file provenance notice found,UNRESOLVED,NOT ESTABLISHED,NOT ESTABLISHED,NO,QUARANTINE,
OS4 1.0final/reference,themes/beach/bubbleorange.png,graphics/theme,718,0210073d0ccf35f3c7e813a3952c6c42f40ecddf533ba59baa0d9c22f3ad7e29,Unknown,No per-file provenance notice found,UNRESOLVED,NOT ESTABLISHED,NOT ESTABLISHED,NO,QUARANTINE,
OS4 1.0final/reference,themes/beach/bubblepurple.png,graphics/theme,617,c04decf06a15ab8f98b5783741f73c578ab42105c6e5d662fb9d4ca22018accb,Unknown,No per-file provenance notice found,UNRESOLVED,NOT ESTABLISHED,NOT ESTABLISHED,NO,QUARANTINE,
OS4 1.0final/reference,themes/beach/bubblered.png,graphics/theme,790,978a17d11746901662ae963fb5be907db5d30ef65c040cb01ddeec9004a64e3c,Unknown,No per-file provenance notice found,UNRESOLVED,NOT ESTABLISHED,NOT ESTABLISHED,NO,QUARANTINE,
OS4 1.0final/reference,themes/beach/bubblespeed.png,graphics/theme,1173,9d17f33ea4e8877d34a24dc0bfdb1e1b47e8b5119975a1b1596f038560f2215d,Unknown,No per-file provenance notice found,UNRESOLVED,NOT ESTABLISHED,NOT ESTABLISHED,NO,QUARANTINE,
OS4 1.0final/reference,themes/beach/cannon.png,graphics/theme,662,6c4474518b795077f508044d176842da2cf5190dd8aeea923390b14822dfd4bc,Unknown,No per-file provenance notice found,UNRESOLVED,NOT ESTABLISHED,NOT ESTABLISHED,NO,QUARANTINE,
OS4 1.0final/reference,themes/beach/cannon1.wav,audio,44108,e328f6441130326ba5f38d1baf308b6c4b5c0e5beda081176eff97c0ff5ae154,Unknown,No per-file provenance notice found,UNRESOLVED,NOT ESTABLISHED,NOT ESTABLISHED,NO,QUARANTINE,
OS4 1.0final/reference,themes/beach/font-agentorange-yellow-14pt.png,font-bitmap,13075,8d062177691f5b33df8df8819ab8f1531a25810946f5623a9c30783fa2e468f4,Unknown,No per-file provenance notice found,UNRESOLVED,NOT ESTABLISHED,NOT ESTABLISHED,NO,QUARANTINE,Filename identifies Agent Orange font-derived bitmap; license not bundled
OS4 1.0final/reference,themes/beach/font_arial_20.png,font-bitmap,5304,51d77238eb14e1e013ffc2c9fbb68ac6659849563d5472c0b9a70131342dee2c,Unknown,No per-file provenance notice found,UNRESOLVED,NOT ESTABLISHED,NOT ESTABLISHED,NO,QUARANTINE,Filename identifies Arial-derived bitmap font; treat as third-party unless separately cleared
OS4 1.0final/reference,themes/beach/font_bubbleboy_16.png,font-bitmap,3585,fbe3d695b4a11c64743d49e04d3d8d5ad0e748210eabe6a98acd4d608169f433,Unknown,No per-file provenance notice found,UNRESOLVED,NOT ESTABLISHED,NOT ESTABLISHED,NO,QUARANTINE,Filename identifies BubbleBoy font-derived bitmap; license not bundled
OS4 1.0final/reference,themes/beach/font_bubbleboy_20.png,font-bitmap,4295,32a6dd08bf902d813b7559156acca72371c0344f3479971a5017c798f587db6d,Unknown,No per-file provenance notice found,UNRESOLVED,NOT ESTABLISHED,NOT ESTABLISHED,NO,QUARANTINE,Filename identifies BubbleBoy font-derived bitmap; license not bundled
OS4 1.0final/reference,themes/beach/font_bubbleboy_20_orange.png,font-bitmap,1621,2b549bbe41ba7df21a6984e2e51c7cba4b63a82e13160d20bf7a8215540433b5,Unknown,No per-file provenance notice found,UNRESOLVED,NOT ESTABLISHED,NOT ESTABLISHED,NO,QUARANTINE,Filename identifies BubbleBoy font-derived bitmap; license not bundled
OS4 1.0final/reference,themes/beach/font_bubbleboy_30.png,font-bitmap,6928,5000eade80c15d7f119f8ca224fb375b6fd6cc898790b389985bda31c1a102ee,Unknown,No per-file provenance notice found,UNRESOLVED,NOT ESTABLISHED,NOT ESTABLISHED,NO,QUARANTINE,Filename identifies BubbleBoy font-derived bitmap; license not bundled
OS4 1.0final/reference,themes/beach/font_sans_blue_10pt.png,font-bitmap,2555,088669025d454284e32c3828fd673c4b93e6175989bb974cc4e21f3a13b53f2b,Unknown,No per-file provenance notice found,UNRESOLVED,NOT ESTABLISHED,NOT ESTABLISHED,NO,QUARANTINE,
OS4 1.0final/reference,themes/beach/font_sans_blue_12pt.png,font-bitmap,2994,839ba829b2545796c3ee7faa67ebfc308eb805863f73e341eb4f6b742454e620,Unknown,No per-file provenance notice found,UNRESOLVED,NOT ESTABLISHED,NOT ESTABLISHED,NO,QUARANTINE,
OS4 1.0final/reference,themes/beach/font_sans_blue_16pt.png,font-bitmap,4148,e355b9b049a5d6073918f4713c97b881f3c8447b99c0af6e923ef923730a41be,Unknown,No per-file provenance notice found,UNRESOLVED,NOT ESTABLISHED,NOT ESTABLISHED,NO,QUARANTINE,
OS4 1.0final/reference,themes/beach/font_sans_white_10pt.png,font-bitmap,2576,ec219b6cb8914b317dcf33936298db406a04d61cad88fb92d3823d4323991229,Unknown,No per-file provenance notice found,UNRESOLVED,NOT ESTABLISHED,NOT ESTABLISHED,NO,QUARANTINE,
OS4 1.0final/reference,themes/beach/hud.png,graphics/theme,578,04089726ab9b0cbe93f9c4d96056ac757b93289bd9a5584e55c20aea0709bc26,Unknown,No per-file provenance notice found,UNRESOLVED,NOT ESTABLISHED,NOT ESTABLISHED,NO,QUARANTINE,
OS4 1.0final/reference,themes/beach/music.wav,audio,640174,164a0e74bf6223b55195e936e74e5c12ff7e646c63d99fdde647d01a34447ff6,Unknown,No per-file provenance notice found,UNRESOLVED,NOT ESTABLISHED,NOT ESTABLISHED,NO,QUARANTINE,
OS4 1.0final/reference,themes/default/background.png,graphics/theme,23617,3e25faf7d34c1a1d314cc399ea65433ba3fa425296ec336ea91ff21814519b3b,Unknown,No per-file provenance notice found,UNRESOLVED,NOT ESTABLISHED,NOT ESTABLISHED,NO,QUARANTINE,
OS4 1.0final/reference,themes/default/bubbleblue.png,graphics/theme,550,ad8b314f46de12e4a664528c1d56290da5b489cbecac610ace99c65a89941309,Unknown,No per-file provenance notice found,UNRESOLVED,NOT ESTABLISHED,NOT ESTABLISHED,NO,QUARANTINE,
OS4 1.0final/reference,themes/default/bubblebomb.png,graphics/theme,506,ada7b7b181a750884d0291f1caf09de43c8265a3c05ff29ce42a9934c106db77,Unknown,No per-file provenance notice found,UNRESOLVED,NOT ESTABLISHED,NOT ESTABLISHED,NO,QUARANTINE,
OS4 1.0final/reference,themes/default/bubblecolourbomb.png,graphics/theme,1598,2b114ca556c74d81414e1424a188eef2ff080e4552438abbc7a297627ddcbd97,Unknown,No per-file provenance notice found,UNRESOLVED,NOT ESTABLISHED,NOT ESTABLISHED,NO,QUARANTINE,
OS4 1.0final/reference,themes/default/bubblegreen.png,graphics/theme,850,944dcc2504b6252f519da02e2aa53d78e8bbcbd53329f41fd2e3b13e8cdc2870,Unknown,No per-file provenance notice found,UNRESOLVED,NOT ESTABLISHED,NOT ESTABLISHED,NO,QUARANTINE,
OS4 1.0final/reference,themes/default/bubbleorange.png,graphics/theme,718,0210073d0ccf35f3c7e813a3952c6c42f40ecddf533ba59baa0d9c22f3ad7e29,Unknown,No per-file provenance notice found,UNRESOLVED,NOT ESTABLISHED,NOT ESTABLISHED,NO,QUARANTINE,
OS4 1.0final/reference,themes/default/bubblepurple.png,graphics/theme,617,c04decf06a15ab8f98b5783741f73c578ab42105c6e5d662fb9d4ca22018accb,Unknown,No per-file provenance notice found,UNRESOLVED,NOT ESTABLISHED,NOT ESTABLISHED,NO,QUARANTINE,
OS4 1.0final/reference,themes/default/bubblered.png,graphics/theme,790,978a17d11746901662ae963fb5be907db5d30ef65c040cb01ddeec9004a64e3c,Unknown,No per-file provenance notice found,UNRESOLVED,NOT ESTABLISHED,NOT ESTABLISHED,NO,QUARANTINE,
OS4 1.0final/reference,themes/default/bubblespeed.png,graphics/theme,1173,9d17f33ea4e8877d34a24dc0bfdb1e1b47e8b5119975a1b1596f038560f2215d,Unknown,No per-file provenance notice found,UNRESOLVED,NOT ESTABLISHED,NOT ESTABLISHED,NO,QUARANTINE,
OS4 1.0final/reference,themes/default/cannon.png,graphics/theme,601,f2021aa01e9aa81545da1ee6e56acbaf7c935e90d559e1f249b23c5836ceef36,Unknown,No per-file provenance notice found,UNRESOLVED,NOT ESTABLISHED,NOT ESTABLISHED,NO,QUARANTINE,
OS4 1.0final/reference,themes/default/font-agentorange-yellow-14pt.png,font-bitmap,13075,8d062177691f5b33df8df8819ab8f1531a25810946f5623a9c30783fa2e468f4,Unknown,No per-file provenance notice found,UNRESOLVED,NOT ESTABLISHED,NOT ESTABLISHED,NO,QUARANTINE,Filename identifies Agent Orange font-derived bitmap; license not bundled
OS4 1.0final/reference,themes/default/font_arial_20.png,font-bitmap,5304,51d77238eb14e1e013ffc2c9fbb68ac6659849563d5472c0b9a70131342dee2c,Unknown,No per-file provenance notice found,UNRESOLVED,NOT ESTABLISHED,NOT ESTABLISHED,NO,QUARANTINE,Filename identifies Arial-derived bitmap font; treat as third-party unless separately cleared
OS4 1.0final/reference,themes/default/font_bubbleboy_16.png,font-bitmap,3585,fbe3d695b4a11c64743d49e04d3d8d5ad0e748210eabe6a98acd4d608169f433,Unknown,No per-file provenance notice found,UNRESOLVED,NOT ESTABLISHED,NOT ESTABLISHED,NO,QUARANTINE,Filename identifies BubbleBoy font-derived bitmap; license not bundled
OS4 1.0final/reference,themes/default/font_bubbleboy_20.png,font-bitmap,4295,32a6dd08bf902d813b7559156acca72371c0344f3479971a5017c798f587db6d,Unknown,No per-file provenance notice found,UNRESOLVED,NOT ESTABLISHED,NOT ESTABLISHED,NO,QUARANTINE,Filename identifies BubbleBoy font-derived bitmap; license not bundled
OS4 1.0final/reference,themes/default/font_bubbleboy_20_orange.png,font-bitmap,1621,2b549bbe41ba7df21a6984e2e51c7cba4b63a82e13160d20bf7a8215540433b5,Unknown,No per-file provenance notice found,UNRESOLVED,NOT ESTABLISHED,NOT ESTABLISHED,NO,QUARANTINE,Filename identifies BubbleBoy font-derived bitmap; license not bundled
OS4 1.0final/reference,themes/default/font_bubbleboy_30.png,font-bitmap,6928,5000eade80c15d7f119f8ca224fb375b6fd6cc898790b389985bda31c1a102ee,Unknown,No per-file provenance notice found,UNRESOLVED,NOT ESTABLISHED,NOT ESTABLISHED,NO,QUARANTINE,Filename identifies BubbleBoy font-derived bitmap; license not bundled
OS4 1.0final/reference,themes/default/font_sans_blue_10pt.png,font-bitmap,2555,088669025d454284e32c3828fd673c4b93e6175989bb974cc4e21f3a13b53f2b,Unknown,No per-file provenance notice found,UNRESOLVED,NOT ESTABLISHED,NOT ESTABLISHED,NO,QUARANTINE,
OS4 1.0final/reference,themes/default/font_sans_blue_12pt.png,font-bitmap,2994,839ba829b2545796c3ee7faa67ebfc308eb805863f73e341eb4f6b742454e620,Unknown,No per-file provenance notice found,UNRESOLVED,NOT ESTABLISHED,NOT ESTABLISHED,NO,QUARANTINE,
OS4 1.0final/reference,themes/default/font_sans_blue_16pt.png,font-bitmap,4148,e355b9b049a5d6073918f4713c97b881f3c8447b99c0af6e923ef923730a41be,Unknown,No per-file provenance notice found,UNRESOLVED,NOT ESTABLISHED,NOT ESTABLISHED,NO,QUARANTINE,
OS4 1.0final/reference,themes/default/font_sans_white_10pt.png,font-bitmap,2576,ec219b6cb8914b317dcf33936298db406a04d61cad88fb92d3823d4323991229,Unknown,No per-file provenance notice found,UNRESOLVED,NOT ESTABLISHED,NOT ESTABLISHED,NO,QUARANTINE,
OS4 1.0final/reference,themes/default/hud.png,graphics/theme,578,04089726ab9b0cbe93f9c4d96056ac757b93289bd9a5584e55c20aea0709bc26,Unknown,No per-file provenance notice found,UNRESOLVED,NOT ESTABLISHED,NOT ESTABLISHED,NO,QUARANTINE,
OS4 1.0final/reference,themes/mexico/mexicobackground.png,graphics/theme,9303,6e2b591060a77bd7defd0c7a4dd9034b83b56dfce35ee28c518ea6f6224af7d8,Unknown,No per-file provenance notice found,UNRESOLVED,NOT ESTABLISHED,NOT ESTABLISHED,NO,QUARANTINE,
OS4 1.0final/reference,themes/mountains/mountainsbackground.png,graphics/theme,20689,020fe61563b4cd614d104d1b12c451553a3db22d191b35656fcc105dab3ee0b3,Unknown,No per-file provenance notice found,UNRESOLVED,NOT ESTABLISHED,NOT ESTABLISHED,NO,QUARANTINE,
OS4 1.0final/reference,themes/sea/seabackground.png,graphics/theme,39126,78755a6597554dd10c99fa6f1f128437c4ab648f6307f738b18ae31c8f2480a4,Unknown,No per-file provenance notice found,UNRESOLVED,NOT ESTABLISHED,NOT ESTABLISHED,NO,QUARANTINE,
OS4 1.0final/reference,themes/sea/seahud.png,graphics/theme,627,f221f31d1b6ca8f6a51ceb27c793b11600b266cf3b11ebac6f54127102fc0f23,Unknown,No per-file provenance notice found,UNRESOLVED,NOT ESTABLISHED,NOT ESTABLISHED,NO,QUARANTINE,
OS4 1.0final/reference,themes/sky/SkyBackground.png,graphics/theme,12736,3219e9ae8957eb10dd9cbe184dab34c3d5ae00856a666a091ddb10ea9ba09e70,Unknown,No per-file provenance notice found,UNRESOLVED,NOT ESTABLISHED,NOT ESTABLISHED,NO,QUARANTINE,
OS4 1.0final/reference,themes/sky/skybubbleblue.png,graphics/theme,550,ad8b314f46de12e4a664528c1d56290da5b489cbecac610ace99c65a89941309,Unknown,No per-file provenance notice found,UNRESOLVED,NOT ESTABLISHED,NOT ESTABLISHED,NO,QUARANTINE,
OS4 1.0final/reference,themes/sky/skybubblebomb.png,graphics/theme,506,ada7b7b181a750884d0291f1caf09de43c8265a3c05ff29ce42a9934c106db77,Unknown,No per-file provenance notice found,UNRESOLVED,NOT ESTABLISHED,NOT ESTABLISHED,NO,QUARANTINE,
OS4 1.0final/reference,themes/sky/skybubblecolourbomb.png,graphics/theme,1598,2b114ca556c74d81414e1424a188eef2ff080e4552438abbc7a297627ddcbd97,Unknown,No per-file provenance notice found,UNRESOLVED,NOT ESTABLISHED,NOT ESTABLISHED,NO,QUARANTINE,
OS4 1.0final/reference,themes/sky/skybubblegreen.png,graphics/theme,850,944dcc2504b6252f519da02e2aa53d78e8bbcbd53329f41fd2e3b13e8cdc2870,Unknown,No per-file provenance notice found,UNRESOLVED,NOT ESTABLISHED,NOT ESTABLISHED,NO,QUARANTINE,
OS4 1.0final/reference,themes/sky/skybubbleorange.png,graphics/theme,718,0210073d0ccf35f3c7e813a3952c6c42f40ecddf533ba59baa0d9c22f3ad7e29,Unknown,No per-file provenance notice found,UNRESOLVED,NOT ESTABLISHED,NOT ESTABLISHED,NO,QUARANTINE,
OS4 1.0final/reference,themes/sky/skybubblepurple.png,graphics/theme,617,c04decf06a15ab8f98b5783741f73c578ab42105c6e5d662fb9d4ca22018accb,Unknown,No per-file provenance notice found,UNRESOLVED,NOT ESTABLISHED,NOT ESTABLISHED,NO,QUARANTINE,
OS4 1.0final/reference,themes/sky/skybubblered.png,graphics/theme,790,978a17d11746901662ae963fb5be907db5d30ef65c040cb01ddeec9004a64e3c,Unknown,No per-file provenance notice found,UNRESOLVED,NOT ESTABLISHED,NOT ESTABLISHED,NO,QUARANTINE,
OS4 1.0final/reference,themes/sky/skybubblespeed.png,graphics/theme,1173,9d17f33ea4e8877d34a24dc0bfdb1e1b47e8b5119975a1b1596f038560f2215d,Unknown,No per-file provenance notice found,UNRESOLVED,NOT ESTABLISHED,NOT ESTABLISHED,NO,QUARANTINE,
OS4 1.0final/reference,themes/sky/skycannon.png,graphics/theme,601,f2021aa01e9aa81545da1ee6e56acbaf7c935e90d559e1f249b23c5836ceef36,Unknown,No per-file provenance notice found,UNRESOLVED,NOT ESTABLISHED,NOT ESTABLISHED,NO,QUARANTINE,
OS4 1.0final/reference,themes/sky/skyhud.png,graphics/theme,628,e7e17f84735aa38122392df08e76d7738830d230d432cb2e5f3818f508655363,Unknown,No per-file provenance notice found,UNRESOLVED,NOT ESTABLISHED,NOT ESTABLISHED,NO,QUARANTINE,
OS4 1.0final/reference,themes/space/spacebackground.png,graphics/theme,18925,2683854167fc89ab607683da8eaab6407b7c1f2d7ccb1ae0966ad02765952ec2,Unknown,No per-file provenance notice found,UNRESOLVED,NOT ESTABLISHED,NOT ESTABLISHED,NO,QUARANTINE,
OS4 1.0final/reference,themes/space/spacebubbleblue.png,graphics/theme,550,ad8b314f46de12e4a664528c1d56290da5b489cbecac610ace99c65a89941309,Unknown,No per-file provenance notice found,UNRESOLVED,NOT ESTABLISHED,NOT ESTABLISHED,NO,QUARANTINE,
OS4 1.0final/reference,themes/space/spacebubblebomb.png,graphics/theme,500,c21f8c9b43ef570e933f624c2af7560eb481a1a83c9e8869d881cdd7fc8b5a16,Unknown,No per-file provenance notice found,UNRESOLVED,NOT ESTABLISHED,NOT ESTABLISHED,NO,QUARANTINE,
OS4 1.0final/reference,themes/space/spacebubblecolourbomb.png,graphics/theme,1600,df7d839ac13ad6652e6020936dfb05db672caf7826797213d8df38dbef498461,Unknown,No per-file provenance notice found,UNRESOLVED,NOT ESTABLISHED,NOT ESTABLISHED,NO,QUARANTINE,
OS4 1.0final/reference,themes/space/spacebubblegreen.png,graphics/theme,850,944dcc2504b6252f519da02e2aa53d78e8bbcbd53329f41fd2e3b13e8cdc2870,Unknown,No per-file provenance notice found,UNRESOLVED,NOT ESTABLISHED,NOT ESTABLISHED,NO,QUARANTINE,
OS4 1.0final/reference,themes/space/spacebubbleorange.png,graphics/theme,718,0210073d0ccf35f3c7e813a3952c6c42f40ecddf533ba59baa0d9c22f3ad7e29,Unknown,No per-file provenance notice found,UNRESOLVED,NOT ESTABLISHED,NOT ESTABLISHED,NO,QUARANTINE,
OS4 1.0final/reference,themes/space/spacebubblepurple.png,graphics/theme,617,c04decf06a15ab8f98b5783741f73c578ab42105c6e5d662fb9d4ca22018accb,Unknown,No per-file provenance notice found,UNRESOLVED,NOT ESTABLISHED,NOT ESTABLISHED,NO,QUARANTINE,
OS4 1.0final/reference,themes/space/spacebubblered.png,graphics/theme,790,978a17d11746901662ae963fb5be907db5d30ef65c040cb01ddeec9004a64e3c,Unknown,No per-file provenance notice found,UNRESOLVED,NOT ESTABLISHED,NOT ESTABLISHED,NO,QUARANTINE,
OS4 1.0final/reference,themes/space/spacebubblespeed.png,graphics/theme,1138,ac9ddfc56e58ac9301628d12d97542ab0ccbe052ac43691ea99d4dfd56226524,Unknown,No per-file provenance notice found,UNRESOLVED,NOT ESTABLISHED,NOT ESTABLISHED,NO,QUARANTINE,
GP2X GBAX 2006 derivative,Screenshot_Ingame.bmp,graphics/ui-sprite,230454,582f19edf0835b2de781f86c8a0d478052fb6b2b388a40c8146370c1b8eeb743,Unknown,No per-file provenance notice found,UNRESOLVED,NOT ESTABLISHED,NOT ESTABLISHED,NO,QUARANTINE,
GP2X GBAX 2006 derivative,Screenshot_Ingame2.bmp,graphics/ui-sprite,230454,f6bae39d37fc0d748cd08617caf30174b7b480478b3fb7ec08257f496e2db7e7,Unknown,No per-file provenance notice found,UNRESOLVED,NOT ESTABLISHED,NOT ESTABLISHED,NO,QUARANTINE,
GP2X GBAX 2006 derivative,bin/music.raw,audio,0,e3b0c44298fc1c149afbf4c8996fb92427ae41e4649b934ca495991b7852b855,Unknown,No per-file provenance notice found,UNRESOLVED,NOT ESTABLISHED,NOT ESTABLISHED,NO,QUARANTINE,
GP2X GBAX 2006 derivative,doc/images/arcproperties.png,documentation-image,1751,5b57ef530ff97f65724b010a7a7bb89340f8d9f141bcd9a5c8ccaf4434906bc7,Unknown,No per-file provenance notice found,UNRESOLVED,NOT ESTABLISHED,NOT ESTABLISHED,NO,QUARANTINE,
GP2X GBAX 2006 derivative,doc/images/bubbleblue.png,documentation-image,550,ad8b314f46de12e4a664528c1d56290da5b489cbecac610ace99c65a89941309,Unknown,No per-file provenance notice found,UNRESOLVED,NOT ESTABLISHED,NOT ESTABLISHED,NO,QUARANTINE,
GP2X GBAX 2006 derivative,doc/images/bubblebomb.png,documentation-image,506,ada7b7b181a750884d0291f1caf09de43c8265a3c05ff29ce42a9934c106db77,Unknown,No per-file provenance notice found,UNRESOLVED,NOT ESTABLISHED,NOT ESTABLISHED,NO,QUARANTINE,
GP2X GBAX 2006 derivative,doc/images/bubblecolourbomb.png,documentation-image,1598,2b114ca556c74d81414e1424a188eef2ff080e4552438abbc7a297627ddcbd97,Unknown,No per-file provenance notice found,UNRESOLVED,NOT ESTABLISHED,NOT ESTABLISHED,NO,QUARANTINE,
GP2X GBAX 2006 derivative,doc/images/bubblegreen.png,documentation-image,850,944dcc2504b6252f519da02e2aa53d78e8bbcbd53329f41fd2e3b13e8cdc2870,Unknown,No per-file provenance notice found,UNRESOLVED,NOT ESTABLISHED,NOT ESTABLISHED,NO,QUARANTINE,
GP2X GBAX 2006 derivative,doc/images/bubbleorange.png,documentation-image,718,0210073d0ccf35f3c7e813a3952c6c42f40ecddf533ba59baa0d9c22f3ad7e29,Unknown,No per-file provenance notice found,UNRESOLVED,NOT ESTABLISHED,NOT ESTABLISHED,NO,QUARANTINE,
GP2X GBAX 2006 derivative,doc/images/bubblepurple.png,documentation-image,617,c04decf06a15ab8f98b5783741f73c578ab42105c6e5d662fb9d4ca22018accb,Unknown,No per-file provenance notice found,UNRESOLVED,NOT ESTABLISHED,NOT ESTABLISHED,NO,QUARANTINE,
GP2X GBAX 2006 derivative,doc/images/bubblered.png,documentation-image,790,978a17d11746901662ae963fb5be907db5d30ef65c040cb01ddeec9004a64e3c,Unknown,No per-file provenance notice found,UNRESOLVED,NOT ESTABLISHED,NOT ESTABLISHED,NO,QUARANTINE,
GP2X GBAX 2006 derivative,doc/images/bubblespeed.png,documentation-image,1173,9d17f33ea4e8877d34a24dc0bfdb1e1b47e8b5119975a1b1596f038560f2215d,Unknown,No per-file provenance notice found,UNRESOLVED,NOT ESTABLISHED,NOT ESTABLISHED,NO,QUARANTINE,
GP2X GBAX 2006 derivative,doc/images/leveleditor.png,documentation-image,23310,56c7e233e3eec8e1083d5aa3aef0a66370a3b6478628e5d962e9ca1a1dcf6a6a,Unknown,No per-file provenance notice found,UNRESOLVED,NOT ESTABLISHED,NOT ESTABLISHED,NO,QUARANTINE,
GP2X GBAX 2006 derivative,doc/images/lineproperties.png,documentation-image,1090,665cca7a2977f9b391c7dd0bed42125d5e2b06a545436194a9926faf4ffdb200,Unknown,No per-file provenance notice found,UNRESOLVED,NOT ESTABLISHED,NOT ESTABLISHED,NO,QUARANTINE,
GP2X GBAX 2006 derivative,doc/images/mountains.png,documentation-image,32710,ea836c04aa2acef8b9d073f90fb865d4a2af59b7026b6baa2d3672445ae4a46e,Unknown,No per-file provenance notice found,UNRESOLVED,NOT ESTABLISHED,NOT ESTABLISHED,NO,QUARANTINE,
GP2X GBAX 2006 derivative,doc/images/spiralproperties.png,documentation-image,1908,39f7855b797930a443cfa7ce5a154b315ab944d82090f1c463e74bcf4a6306fe,Unknown,No per-file provenance notice found,UNRESOLVED,NOT ESTABLISHED,NOT ESTABLISHED,NO,QUARANTINE,
GP2X GBAX 2006 derivative,gfx/FastestTime.png,graphics/ui-sprite,15425,c75212d3ca35778e958b633548d3f3322c6caf37a11ff8b3b8069d4ce2016469,Unknown,No per-file provenance notice found,UNRESOLVED,NOT ESTABLISHED,NOT ESTABLISHED,NO,QUARANTINE,
GP2X GBAX 2006 derivative,gfx/Intro.png,graphics/ui-sprite,73861,841fe0e37eeae9483de020b655bb8d12fe39cde1fa1a6cecba7ef36b56143e39,Unknown,No per-file provenance notice found,UNRESOLVED,NOT ESTABLISHED,NOT ESTABLISHED,NO,QUARANTINE,
GP2X GBAX 2006 derivative,gfx/IntroB.png,graphics/ui-sprite,30977,946e6039223e8c294ed31bc7722bc5af51b4932e66e2ac2a5aa7a84d1a2dc4e9,Unknown,No per-file provenance notice found,UNRESOLVED,NOT ESTABLISHED,NOT ESTABLISHED,NO,QUARANTINE,
GP2X GBAX 2006 derivative,gfx/Menu.png,graphics/ui-sprite,32654,c98901e33d60ec590095dd59a0bc83ac14436fb65a748720498baf7fdf446b4f,Unknown,No per-file provenance notice found,UNRESOLVED,NOT ESTABLISHED,NOT ESTABLISHED,NO,QUARANTINE,
GP2X GBAX 2006 derivative,gfx/Options.png,graphics/ui-sprite,15077,22963d78b8e695d734fa4286f525b4379e50b147289bbbde870addc6f1e6099c,Unknown,No per-file provenance notice found,UNRESOLVED,NOT ESTABLISHED,NOT ESTABLISHED,NO,QUARANTINE,
GP2X GBAX 2006 derivative,gfx/aboutus.png,graphics/ui-sprite,49327,082efcf3d5cf8981c62479dc91def9065001d502e8fafa3c4b3291fc0d18e08d,Unknown,No per-file provenance notice found,UNRESOLVED,NOT ESTABLISHED,NOT ESTABLISHED,NO,QUARANTINE,
GP2X GBAX 2006 derivative,gfx/endgame.png,graphics/ui-sprite,43496,cef2eb524a35312f1462b9e6fdcc8342cc7dce768999e4dd7722e8b38c676790,Unknown,No per-file provenance notice found,UNRESOLVED,NOT ESTABLISHED,NOT ESTABLISHED,NO,QUARANTINE,
GP2X GBAX 2006 derivative,gfx/leveleditor/arc-a.png,graphics/ui-sprite,405,70da4be6f6c10ac7aa0985265a40c7a26591fc40f76456b26d4b627e75e085ed,Unknown,No per-file provenance notice found,UNRESOLVED,NOT ESTABLISHED,NOT ESTABLISHED,NO,QUARANTINE,
GP2X GBAX 2006 derivative,gfx/leveleditor/arc.png,graphics/ui-sprite,444,4e342a0bc1bde3839815c14d196fd8e7037530ece8dc481bfda0ca470034d934,Unknown,No per-file provenance notice found,UNRESOLVED,NOT ESTABLISHED,NOT ESTABLISHED,NO,QUARANTINE,
GP2X GBAX 2006 derivative,gfx/leveleditor/cannonprops.png,graphics/ui-sprite,493,3cdbc06d80adc0a32a018a83cb63975b4d025725d153c6de1b119de328e8457d,Unknown,No per-file provenance notice found,UNRESOLVED,NOT ESTABLISHED,NOT ESTABLISHED,NO,QUARANTINE,
GP2X GBAX 2006 derivative,gfx/leveleditor/gridprops.png,graphics/ui-sprite,235,805f21b044ff6920153d22a72817e31a6537441ca813ef2ac1fa7c3718ab1734,Unknown,No per-file provenance notice found,UNRESOLVED,NOT ESTABLISHED,NOT ESTABLISHED,NO,QUARANTINE,
GP2X GBAX 2006 derivative,gfx/leveleditor/help.png,graphics/ui-sprite,326,a72b2eefff27e9b4771c9a6f45514af78e735cf1c0b2703e674e7681c66555ad,Unknown,No per-file provenance notice found,UNRESOLVED,NOT ESTABLISHED,NOT ESTABLISHED,NO,QUARANTINE,
GP2X GBAX 2006 derivative,gfx/leveleditor/line-a.png,graphics/ui-sprite,451,2c17ea00c5fe49a08d0855c22f35c0c1d94f1ebe8869a000c5821b2f210acdd5,Unknown,No per-file provenance notice found,UNRESOLVED,NOT ESTABLISHED,NOT ESTABLISHED,NO,QUARANTINE,
GP2X GBAX 2006 derivative,gfx/leveleditor/line.png,graphics/ui-sprite,456,967184e645235416f5550314f69250680999746c5d6f5edebb06bdd85f3961d3,Unknown,No per-file provenance notice found,UNRESOLVED,NOT ESTABLISHED,NOT ESTABLISHED,NO,QUARANTINE,
GP2X GBAX 2006 derivative,gfx/leveleditor/load.png,graphics/ui-sprite,399,c2c353fc3efeca7172c475779794cbbb648192c8f18d54b3aa8dfba962fe29c3,Unknown,No per-file provenance notice found,UNRESOLVED,NOT ESTABLISHED,NOT ESTABLISHED,NO,QUARANTINE,
GP2X GBAX 2006 derivative,gfx/leveleditor/newtrack.png,graphics/ui-sprite,608,346bd2dafaf239aabf6088d5c4e649dc8147128ab20e2d7559e09889328d7bd8,Unknown,No per-file provenance notice found,UNRESOLVED,NOT ESTABLISHED,NOT ESTABLISHED,NO,QUARANTINE,
GP2X GBAX 2006 derivative,gfx/leveleditor/nexttrack.png,graphics/ui-sprite,666,d72b19f9ee26bb521f7f01a09ae4710dddfc4483698ace00951611f1f7f91cab,Unknown,No per-file provenance notice found,UNRESOLVED,NOT ESTABLISHED,NOT ESTABLISHED,NO,QUARANTINE,
GP2X GBAX 2006 derivative,gfx/leveleditor/nexttracksection.png,graphics/ui-sprite,429,515bb356fcfa1c5946c31ae5a7aa0c361de4beb7a16c72167ff88834dff49930,Unknown,No per-file provenance notice found,UNRESOLVED,NOT ESTABLISHED,NOT ESTABLISHED,NO,QUARANTINE,
GP2X GBAX 2006 derivative,gfx/leveleditor/previoustrack.png,graphics/ui-sprite,669,2bd47d94fd9bb257bc1d19cda452233d1177c6ed0388f06900586f576023d827,Unknown,No per-file provenance notice found,UNRESOLVED,NOT ESTABLISHED,NOT ESTABLISHED,NO,QUARANTINE,
GP2X GBAX 2006 derivative,gfx/leveleditor/previoustracksection.png,graphics/ui-sprite,424,61a8a9f546f716bb89128c43a8979023998242deaf7a9fc6e320fffe0a3bc98e,Unknown,No per-file provenance notice found,UNRESOLVED,NOT ESTABLISHED,NOT ESTABLISHED,NO,QUARANTINE,
GP2X GBAX 2006 derivative,gfx/leveleditor/quit.png,graphics/ui-sprite,462,5f3078c7e57e1332630c88ccbc9982ed430528d021774147e2a3dc263557e38b,Unknown,No per-file provenance notice found,UNRESOLVED,NOT ESTABLISHED,NOT ESTABLISHED,NO,QUARANTINE,
GP2X GBAX 2006 derivative,gfx/leveleditor/removetrack.png,graphics/ui-sprite,606,d19ed22ce5a9b1ae4b944a58528336f50cd0e40812b02d40ebcb02d43aaf3091,Unknown,No per-file provenance notice found,UNRESOLVED,NOT ESTABLISHED,NOT ESTABLISHED,NO,QUARANTINE,
GP2X GBAX 2006 derivative,gfx/leveleditor/removetracksection.png,graphics/ui-sprite,364,5576c649338f1e301245d21964cfae81ee8fad7969f21b8f885e16ed4e3c27ae,Unknown,No per-file provenance notice found,UNRESOLVED,NOT ESTABLISHED,NOT ESTABLISHED,NO,QUARANTINE,
GP2X GBAX 2006 derivative,gfx/leveleditor/reversetrack.png,graphics/ui-sprite,836,241b0e8c0e8001bf80a220e3000038781d79bd3dd4e7a598ce6067386300ca63,Unknown,No per-file provenance notice found,UNRESOLVED,NOT ESTABLISHED,NOT ESTABLISHED,NO,QUARANTINE,
GP2X GBAX 2006 derivative,gfx/leveleditor/save.png,graphics/ui-sprite,260,f6cc9465d528d6df0afb9520b71954beed6b9f931200a8e1c86da253f3d96f70,Unknown,No per-file provenance notice found,UNRESOLVED,NOT ESTABLISHED,NOT ESTABLISHED,NO,QUARANTINE,
GP2X GBAX 2006 derivative,gfx/leveleditor/spiral-a.png,graphics/ui-sprite,591,a7cf9afbfb70a52cb26b0d03eaee7dd6bff94e8fbf6e75ef190d21b8fc67693e,Unknown,No per-file provenance notice found,UNRESOLVED,NOT ESTABLISHED,NOT ESTABLISHED,NO,QUARANTINE,
GP2X GBAX 2006 derivative,gfx/leveleditor/spiral.png,graphics/ui-sprite,612,ac44db4242e1bc6886866cb3ab764b18452719e045a3066f51985a2b691e14a4,Unknown,No per-file provenance notice found,UNRESOLVED,NOT ESTABLISHED,NOT ESTABLISHED,NO,QUARANTINE,
GP2X GBAX 2006 derivative,gfx/leveleditor/trainprops.png,graphics/ui-sprite,906,756848ca972661c6a7db8066e6f99b25f59c64fd30faf00cb82ac09798b70dea,Unknown,No per-file provenance notice found,UNRESOLVED,NOT ESTABLISHED,NOT ESTABLISHED,NO,QUARANTINE,
GP2X GBAX 2006 derivative,gfx/menubutton.png,graphics/ui-sprite,1232,a7f28d38b7f3e103a6dd35092d12544cc409902c996ac88e95519966c568bfc1,Unknown,No per-file provenance notice found,UNRESOLVED,NOT ESTABLISHED,NOT ESTABLISHED,NO,QUARANTINE,
GP2X GBAX 2006 derivative,snd/bombs.WAV,audio,27046,f06b14a9d6172efb1d3bb6628f2843325bd5de862eb8b5f352ae07d21ab7b077,Unknown,No per-file provenance notice found,UNRESOLVED,NOT ESTABLISHED,NOT ESTABLISHED,NO,QUARANTINE,
GP2X GBAX 2006 derivative,snd/cannon1.wav,audio,44108,e328f6441130326ba5f38d1baf308b6c4b5c0e5beda081176eff97c0ff5ae154,Unknown,No per-file provenance notice found,UNRESOLVED,NOT ESTABLISHED,NOT ESTABLISHED,NO,QUARANTINE,
GP2X GBAX 2006 derivative,snd/cannonReloading1.wav,audio,18160,4bddc0080ac743a418cede90fa7fd0bc8aab2e9f9b9fa37b019dc79fa5f91ec9,Unknown,No per-file provenance notice found,UNRESOLVED,NOT ESTABLISHED,NOT ESTABLISHED,NO,QUARANTINE,
GP2X GBAX 2006 derivative,snd/cannon_fire.wav,audio,3346,90ebc12fb0454c5e0cdf78c13697871e1820ce69680e54c92f7aa2e93651acf5,Unknown,No per-file provenance notice found,UNRESOLVED,NOT ESTABLISHED,NOT ESTABLISHED,NO,QUARANTINE,title=NoName; encoder=Made by Convert (c) 1994 Jesus Villena 
GP2X GBAX 2006 derivative,snd/cannon_move.wav,audio,4182,83420e8816b19aff47f4c0bbbcd5b0e0b356394d2951a69653c60ab1daf8bdd5,A1 Free Sound Effects,Embedded audio metadata,UNRESOLVED,NOT ESTABLISHED,NOT ESTABLISHED,NO,QUARANTINE,copyright metadata=A1 Free Sound Effects; title=Silde Rock
GP2X GBAX 2006 derivative,snd/cannon_reload.wav,audio,8590,788b283d6be22f3a8bf7e6eba9a71024cb732896f95d28737f41b889188757ef,Unknown,No per-file provenance notice found,UNRESOLVED,NOT ESTABLISHED,NOT ESTABLISHED,NO,QUARANTINE,
GP2X GBAX 2006 derivative,snd/cannon_reload1.wav,audio,18160,4bddc0080ac743a418cede90fa7fd0bc8aab2e9f9b9fa37b019dc79fa5f91ec9,Unknown,No per-file provenance notice found,UNRESOLVED,NOT ESTABLISHED,NOT ESTABLISHED,NO,QUARANTINE,
GP2X GBAX 2006 derivative,snd/click.wav,audio,2578,564985bb6f083969752c99b66b0fc752b56ff3c8a82fa88cf291aca5e7ba2539,1995-1998 Microsoft Corporation,Embedded audio metadata,UNRESOLVED,NOT ESTABLISHED,NOT ESTABLISHED,NO,QUARANTINE,copyright metadata=1995-1998 Microsoft Corporation
GP2X GBAX 2006 derivative,snd/click1.wav,audio,2202,d5712a8963eb3e1e181b25649ecff3080ede89c96350eb07e7d7cad429e959ea,Unknown,No per-file provenance notice found,UNRESOLVED,NOT ESTABLISHED,NOT ESTABLISHED,NO,QUARANTINE,
GP2X GBAX 2006 derivative,snd/gameover.wav,audio,6188,ed89c4d5df0c7fae58697525a12e2a2719c12fb164347217666d5e2418c4401e,Unknown,No per-file provenance notice found,UNRESOLVED,NOT ESTABLISHED,NOT ESTABLISHED,NO,QUARANTINE,
GP2X GBAX 2006 derivative,snd/gamewon.wav,audio,12692,d80140bdcb881bd578f4b4c26f6471038cf3849cd77c497b2f1064fbe21b0a0b,Unknown,No per-file provenance notice found,UNRESOLVED,NOT ESTABLISHED,NOT ESTABLISHED,NO,QUARANTINE,
GP2X GBAX 2006 derivative,snd/mainmenu.ogg,audio,3709401,d40c7c23ebea8ce28f20b0c7e403340c1162135245d6280a00c4cf7db283398a,Unknown,No per-file provenance notice found,UNRESOLVED,NOT ESTABLISHED,NOT ESTABLISHED,NO,QUARANTINE,
GP2X GBAX 2006 derivative,themes/arctic/AcidLaugh.ogg,audio,3918300,4746d5b673a24ecc43ccdc8e3587564a189ee46b4ec458003d1d68dec267f97b,Unknown,No per-file provenance notice found,UNRESOLVED,NOT ESTABLISHED,NOT ESTABLISHED,NO,QUARANTINE,
GP2X GBAX 2006 derivative,themes/arctic/IcelandFromAirplane.png,graphics/theme,128913,5c77e7aefc28a5bd0a5418eea4f515a6975a0a9291311cbed836c887eb72a466,Unknown,No per-file provenance notice found,UNRESOLVED,NOT ESTABLISHED,NOT ESTABLISHED,NO,QUARANTINE,
GP2X GBAX 2006 derivative,themes/arctic/icecannon.png,graphics/theme,578,6d11c020285604b7ddc02bf9aee78a7800d4503cd037e0eccafb9d71c43ea0f2,Unknown,No per-file provenance notice found,UNRESOLVED,NOT ESTABLISHED,NOT ESTABLISHED,NO,QUARANTINE,
GP2X GBAX 2006 derivative,themes/arctic/icehud.png,graphics/theme,1435,60c9027c08fba5ab1ae4099d97fc792c37cb00f227d6a97b0db5a2052a05fc05,Unknown,No per-file provenance notice found,UNRESOLVED,NOT ESTABLISHED,NOT ESTABLISHED,NO,QUARANTINE,
GP2X GBAX 2006 derivative,themes/beach/BeachHikeHawaii.png,graphics/theme,124281,60373f64ab6d3c166f9e117e31e9f02055cf5f1035ee52c830acd416f7f6a539,Unknown,No per-file provenance notice found,UNRESOLVED,NOT ESTABLISHED,NOT ESTABLISHED,NO,QUARANTINE,
GP2X GBAX 2006 derivative,themes/beach/Evolution.ogg,audio,3498569,51c5ea61fb663338eb861986243aaa0eec8a4d4da0192dbf4277ddfa9a618e32,Unknown,No per-file provenance notice found,UNRESOLVED,NOT ESTABLISHED,NOT ESTABLISHED,NO,QUARANTINE,
GP2X GBAX 2006 derivative,themes/default/bubbleblue.png,graphics/theme,481,d33f005983b64ca71e7f343d5211b517718159c5a3e5f2c3ec2e665ca035f158,Unknown,No per-file provenance notice found,UNRESOLVED,NOT ESTABLISHED,NOT ESTABLISHED,NO,QUARANTINE,
GP2X GBAX 2006 derivative,themes/default/bubblebomb.png,graphics/theme,412,d8609a90b22e43a65425659417e3b8a7228e2f91e566c45155766fd03363215f,Unknown,No per-file provenance notice found,UNRESOLVED,NOT ESTABLISHED,NOT ESTABLISHED,NO,QUARANTINE,
GP2X GBAX 2006 derivative,themes/default/bubblecolourbomb.png,graphics/theme,515,78a4d5cacb39f68eb18efcaf12cc230fc1556cc17aed7acfc6eb5e3c382d5c96,Unknown,No per-file provenance notice found,UNRESOLVED,NOT ESTABLISHED,NOT ESTABLISHED,NO,QUARANTINE,
GP2X GBAX 2006 derivative,themes/default/bubblegreen.png,graphics/theme,489,7f4de28db9ae369d7eef52772ba9cf6674965b2e56f76ef86cdbd5ad7bb9032a,Unknown,No per-file provenance notice found,UNRESOLVED,NOT ESTABLISHED,NOT ESTABLISHED,NO,QUARANTINE,
GP2X GBAX 2006 derivative,themes/default/bubbleorange.png,graphics/theme,485,3ae59dc856cb74f09f7b51fa4938cddb6c0aef842773b35155d1c8e39ffefa20,Unknown,No per-file provenance notice found,UNRESOLVED,NOT ESTABLISHED,NOT ESTABLISHED,NO,QUARANTINE,
GP2X GBAX 2006 derivative,themes/default/bubblepurple.png,graphics/theme,500,47789c256f9b5849aed11f5d083bf64eb2c7d953724787385e30843eff551011,Unknown,No per-file provenance notice found,UNRESOLVED,NOT ESTABLISHED,NOT ESTABLISHED,NO,QUARANTINE,
GP2X GBAX 2006 derivative,themes/default/bubblered.png,graphics/theme,474,a76d167a764ae3e724abee9ba1b338bd6f90563dbba69af915eabb67390cc9cf,Unknown,No per-file provenance notice found,UNRESOLVED,NOT ESTABLISHED,NOT ESTABLISHED,NO,QUARANTINE,
GP2X GBAX 2006 derivative,themes/default/bubblespeed.png,graphics/theme,493,ed0bf9a4c5c2e6e955e74b595f71379c15a1fe7f79277cc66922dde17109a479,Unknown,No per-file provenance notice found,UNRESOLVED,NOT ESTABLISHED,NOT ESTABLISHED,NO,QUARANTINE,
GP2X GBAX 2006 derivative,themes/default/cannon.png,graphics/theme,469,8df7e4dc7fe6558640a50f2a60b2842c28a34c43eea4c52c3566bb1f7e485a9f,Unknown,No per-file provenance notice found,UNRESOLVED,NOT ESTABLISHED,NOT ESTABLISHED,NO,QUARANTINE,
GP2X GBAX 2006 derivative,themes/default/font_blue.png,font-bitmap,1480,fc5d6f31ce0564b245db386d1a98b9de715948be0c3948e0bede47f8b6ed6198,Unknown,No per-file provenance notice found,UNRESOLVED,NOT ESTABLISHED,NOT ESTABLISHED,NO,QUARANTINE,
GP2X GBAX 2006 derivative,themes/default/font_orange.png,font-bitmap,1478,dbe6e176dfd828d805f20694cebc22ef39b4f6f0d345fc5878023cadcce0c39a,Unknown,No per-file provenance notice found,UNRESOLVED,NOT ESTABLISHED,NOT ESTABLISHED,NO,QUARANTINE,
GP2X GBAX 2006 derivative,themes/default/font_white.png,font-bitmap,1451,05b332bef582398dda33830fce2fd05628e836795b9048d1235f4c82d9bae3fd,Unknown,No per-file provenance notice found,UNRESOLVED,NOT ESTABLISHED,NOT ESTABLISHED,NO,QUARANTINE,
GP2X GBAX 2006 derivative,themes/default/font_yellow.png,font-bitmap,1467,f5f5b7e032ecb5cfbd5e6822832577061d345244f42e20b91954fc20874ac89b,Unknown,No per-file provenance notice found,UNRESOLVED,NOT ESTABLISHED,NOT ESTABLISHED,NO,QUARANTINE,
GP2X GBAX 2006 derivative,themes/default/hud.png,graphics/theme,1364,3a730a6e663dd70d44842084d93e073b5363d2e84774b1ee355ee2fd1aab3900,Unknown,No per-file provenance notice found,UNRESOLVED,NOT ESTABLISHED,NOT ESTABLISHED,NO,QUARANTINE,
GP2X GBAX 2006 derivative,themes/mexico/BeachHawaii.png,graphics/theme,111386,619825649a53bfdbd7a3cf3dcd4f91217af0c7d6b3a0b34c0ba1290a2be00b77,Unknown,No per-file provenance notice found,UNRESOLVED,NOT ESTABLISHED,NOT ESTABLISHED,NO,QUARANTINE,
GP2X GBAX 2006 derivative,themes/mexico/Madness.ogg,audio,3502464,4b8f4a78a2bb4d473780cbe1d173f990536683138129d74f38a45e4e01df17db,Unknown,No per-file provenance notice found,UNRESOLVED,NOT ESTABLISHED,NOT ESTABLISHED,NO,QUARANTINE,
GP2X GBAX 2006 derivative,themes/mountains/GravityDrive.ogg,audio,2867660,1eee0b73283245ce34da8b9d454763c73547dc2945c3edf57bfbfd2acab7c2c7,Unknown,No per-file provenance notice found,UNRESOLVED,NOT ESTABLISHED,NOT ESTABLISHED,NO,QUARANTINE,
GP2X GBAX 2006 derivative,themes/mountains/Tetons.png,graphics/theme,113975,97c84483584cd08ed26f557776864e36b5a35069090884c83e17ce3ecae82c53,Unknown,No per-file provenance notice found,UNRESOLVED,NOT ESTABLISHED,NOT ESTABLISHED,NO,QUARANTINE,
GP2X GBAX 2006 derivative,themes/sea/MayhemRemix.ogg,audio,3221176,26083b0a901401e1ed33525e52d21908db3e8f1a8cb0e20d9cabf083cd49aa14,Unknown,No per-file provenance notice found,UNRESOLVED,NOT ESTABLISHED,NOT ESTABLISHED,NO,QUARANTINE,
GP2X GBAX 2006 derivative,themes/sea/RainbowWaterfallYellowstone.png,graphics/theme,168035,5245732576e097c4b562c59366ca5e80a505fedb8e690c589bbe2dd471d6a938,Unknown,No per-file provenance notice found,UNRESOLVED,NOT ESTABLISHED,NOT ESTABLISHED,NO,QUARANTINE,
GP2X GBAX 2006 derivative,themes/sea/seahud.png,graphics/theme,336,f8018c2f4d6f0f63328cb29aec72a6b0f90cc7acb9d811b56e6c6c64983db97d,Unknown,No per-file provenance notice found,UNRESOLVED,NOT ESTABLISHED,NOT ESTABLISHED,NO,QUARANTINE,
GP2X GBAX 2006 derivative,themes/sky/BWCAsunny.png,graphics/theme,148114,e7aeb9d1034254b02f6903ff9c6d24329dd88f7d3b4af4ecf5776548135ff1a2,Unknown,No per-file provenance notice found,UNRESOLVED,NOT ESTABLISHED,NOT ESTABLISHED,NO,QUARANTINE,
GP2X GBAX 2006 derivative,themes/sky/Remedy.ogg,audio,3483100,a1573552e3965678d03008d69c6c466fd197145d4bade9fcbe798495d4e10c18,Unknown,No per-file provenance notice found,UNRESOLVED,NOT ESTABLISHED,NOT ESTABLISHED,NO,QUARANTINE,
GP2X GBAX 2006 derivative,themes/space/RhinoAnimalKingdom.png,graphics/theme,182566,bf3f2acad10efbfa3e0ec9b9931d11dd8eabb1f155719cbc428e30d5e74e7a29,Unknown,No per-file provenance notice found,UNRESOLVED,NOT ESTABLISHED,NOT ESTABLISHED,NO,QUARANTINE,
GP2X GBAX 2006 derivative,themes/space/YseRemix.ogg,audio,3124584,cd93602b62a26fc6efb2710801a011e4eb4d34111ecafa0928b42c7b6472e878,Unknown,No per-file provenance notice found,UNRESOLVED,NOT ESTABLISHED,NOT ESTABLISHED,NO,QUARANTINE,
