path,sha256,copyright,license_status,reuse_status,notes
src/AboutUs.cpp,f54f0a039c6d78c54fb0d28aca806c712acb21013f4cab03a291dd10e3d65ec8,Adam Child; Craig Marshall (2004),GPL-2.0-or-later,REUSABLE under GPL-3.0-or-later derivative,Explicit source header
src/AboutUs.h,fa35e5c9465ae669b5428d44ee7f5e22fa488a46c21ac67844bd9bf2a90c3fe0,Adam Child; Craig Marshall (2004),GPL-2.0-or-later,REUSABLE under GPL-3.0-or-later derivative,Explicit source header
src/Bubble.cpp,755f7d5d2ab17baef27b53bef99a305641f2adab2b87075a09875b5c485e8166,Adam Child; Craig Marshall (2004),GPL-2.0-or-later,REUSABLE under GPL-3.0-or-later derivative,Explicit source header
src/Bubble.h,2a8ea1651f162ce86876c4eadbbcd1f1ce7d5a656e212568da86f48f0b7dd7b0,Adam Child; Craig Marshall (2004),GPL-2.0-or-later,REUSABLE under GPL-3.0-or-later derivative,Explicit source header
src/BubbleTrainWorld.cpp,e78a9c1f4c829a735186e6a02bac6eed69126289d71203c509b0c79390ddae57,Adam Child; Craig Marshall (2004),GPL-2.0-or-later,REUSABLE under GPL-3.0-or-later derivative,Explicit source header
src/BubbleTrainWorld.h,1ae43148c8fa070ef4658724457b4f6daa769b07a8c66f5509740a68e54445bb,Adam Child; Craig Marshall (2004),GPL-2.0-or-later,REUSABLE under GPL-3.0-or-later derivative,Explicit source header
src/Bullet.cpp,1f49ebd4e615e16f23ec6d88305662fff21c0736139e307960b6b84e7b89f6e9,Adam Child; Craig Marshall (2004),GPL-2.0-or-later,REUSABLE under GPL-3.0-or-later derivative,Explicit source header
src/Bullet.h,ec586101e903e3aade499ead251358f0ca8d4b7d205391dabab32e7177c189f3,Adam Child; Craig Marshall (2004),GPL-2.0-or-later,REUSABLE under GPL-3.0-or-later derivative,Explicit source header
src/BulletFactory.cpp,a83cee5388d728e7df3e00fda0925079cca2e10c6d3fad8ce1b1df278ed03db5,Adam Child; Craig Marshall (2004),GPL-2.0-or-later,REUSABLE under GPL-3.0-or-later derivative,Explicit source header
src/BulletFactory.h,e40dc2184995f23943dab4e5811ef7bb7ebdab97b3ee6f87456affa9eaaf6eda,Adam Child; Craig Marshall (2004),GPL-2.0-or-later,REUSABLE under GPL-3.0-or-later derivative,Explicit source header
src/Button.cpp,111b9ffb83db526b6e016934cf0d843d0a3a1916cbee845f410ff6bd6194cca6,Adam Child; Craig Marshall (2004),GPL-2.0-or-later,REUSABLE under GPL-3.0-or-later derivative,Explicit source header
src/Button.h,6c61f40d93a1fa8d7038713af0e1ba9a015248541f0b42d6cac4cc27336b3672,Adam Child; Craig Marshall (2004),GPL-2.0-or-later,REUSABLE under GPL-3.0-or-later derivative,Explicit source header
src/CallBack.h,839c4f5d0aae601ca8575b44bea0b974e33bc73ea89f85f1f7cf83dc31573fd9,Adam Child; Craig Marshall (2004),GPL-2.0-or-later,REUSABLE under GPL-3.0-or-later derivative,Explicit source header
src/Cannon.cpp,063baf5a9b14bb9f455f6b079ac1092b840a1952e606b21d009d08f57c4a2c85,Adam Child; Craig Marshall (2004),GPL-2.0-or-later,REUSABLE under GPL-3.0-or-later derivative,Explicit source header
src/Cannon.h,e242a5c2b73448c9fb93869a6ead0056580b1d7fcd015fa2124590e3acffaa7d,Adam Child; Craig Marshall (2004),GPL-2.0-or-later,REUSABLE under GPL-3.0-or-later derivative,Explicit source header
src/Carriage.cpp,529d421d1f49caf98e03c4420a4b74659c5c96fdcb83ac464a10a4429b833634,Adam Child; Craig Marshall (2004),GPL-2.0-or-later,REUSABLE under GPL-3.0-or-later derivative,Explicit source header
src/Carriage.h,cfd4decd07ecba72a0321d12e937a3d54f2d07d87d01c9c924cc4703384ca265,Adam Child; Craig Marshall (2004),GPL-2.0-or-later,REUSABLE under GPL-3.0-or-later derivative,Explicit source header
src/CarriageFactory.cpp,c4e5aac488c1f211e88ecb3748e8b43ef93717c5dd333d2cc09c97799176c859,Adam Child; Craig Marshall (2004),GPL-2.0-or-later,REUSABLE under GPL-3.0-or-later derivative,Explicit source header
src/CarriageFactory.h,5aabea44d0beb163065af8a548371ebe0bb1a991a3a27489fee8f04ab4873e33,Adam Child; Craig Marshall (2004),GPL-2.0-or-later,REUSABLE under GPL-3.0-or-later derivative,Explicit source header
src/CheckBox.cpp,a89b640caf0b7b00b99cd95a485b30f259f92fc67672d50eabbb06617f37e265,Adam Child; Craig Marshall (2004),GPL-2.0-or-later,REUSABLE under GPL-3.0-or-later derivative,Explicit source header
src/CheckBox.h,1b198a9dbc035f2ec696c76281d4491f642d3d42bdc9ce37ce2f42fc1eba4de2,Adam Child; Craig Marshall (2004),GPL-2.0-or-later,REUSABLE under GPL-3.0-or-later derivative,Explicit source header
src/Control.cpp,eb1097dc487040c0461f48d385a6e8851332d192b9ad59e05f771b27bb1a75f8,Adam Child; Craig Marshall (2004),GPL-2.0-or-later,REUSABLE under GPL-3.0-or-later derivative,Explicit source header
src/Control.h,2f17b897daa887d0f08b9ad1d6d10c2753e5c8c16f9c584d16e9ea494d202dcc,Adam Child; Craig Marshall (2004),GPL-2.0-or-later,REUSABLE under GPL-3.0-or-later derivative,Explicit source header
src/ExplodingBubble.cpp,0cdd5214006b22f93e6418ab42a3b3be8888bfb681435e3aa82a9246d8389039,Adam Child; Craig Marshall (2004),GPL-2.0-or-later,REUSABLE under GPL-3.0-or-later derivative,Explicit source header
src/ExplodingBubble.h,0698422d91a74492d081862313c298e1898b879704f6f98cbaf5b13b19e993b7,Adam Child; Craig Marshall (2004),GPL-2.0-or-later,REUSABLE under GPL-3.0-or-later derivative,Explicit source header
src/FastestTime.cpp,f88661a79e12b5d766a208a74e3fa90c91e05299e07fc0cf35edd2a539c29a77,Adam Child; Craig Marshall (2004),GPL-2.0-or-later,REUSABLE under GPL-3.0-or-later derivative,Explicit source header
src/FastestTime.h,cb4dad3a2ee685eabceac7730f106301fcb0416f68986186f87ee2d0f60da505,Adam Child; Craig Marshall (2004),GPL-2.0-or-later,REUSABLE under GPL-3.0-or-later derivative,Explicit source header
src/FastestTimeScreen.cpp,f289658b91b2223637bd01ed586716f6af56cd9be0f0b424204c643d3f2e225e,Adam Child; Craig Marshall (2004),GPL-2.0-or-later,REUSABLE under GPL-3.0-or-later derivative,Explicit source header
src/FastestTimeScreen.h,49c33ff3fc0734f4bace8b7e409388997bd73e2c0b7f3cc38b7d4d411eb6bff7,Adam Child; Craig Marshall (2004),GPL-2.0-or-later,REUSABLE under GPL-3.0-or-later derivative,Explicit source header
src/FastestTimeText.cpp,ba0dcd6bc705e6f971839800482467036f5599335b19949bad33a8b6a9e3fdaf,Adam Child; Craig Marshall (2004),GPL-2.0-or-later,REUSABLE under GPL-3.0-or-later derivative,Explicit source header
src/FastestTimeText.h,2aa078d952c1e95f1c4c792fea52968f6ac380e257dda75ddc8421da63ea7135,Adam Child; Craig Marshall (2004),GPL-2.0-or-later,REUSABLE under GPL-3.0-or-later derivative,Explicit source header
src/FileLoadSaveBox.cpp,328a83804186cd5db049053c4d4a91e07bbc35874750d0873d3d8ad9363797b9,Adam Child; Craig Marshall (2004),GPL-2.0-or-later,REUSABLE under GPL-3.0-or-later derivative,Explicit source header
src/FileLoadSaveBox.h,145754790291f86e8012e2323730551d787336be9cddee4849858a3c9f249d0d,Adam Child; Craig Marshall (2004),GPL-2.0-or-later,REUSABLE under GPL-3.0-or-later derivative,Explicit source header
src/Font.cpp,d2b27d76ca124b032197fbe32c0a861a74f4c42840f30af61f57ebe214e6bad4,Adam Child; Craig Marshall (2004),GPL-2.0-or-later,REUSABLE under GPL-3.0-or-later derivative,Explicit source header
src/Font.h,da1ae24d30ee4407a7fb11beb97d0ef2da4016cbeb5da7574d0a6ce45f7ad06e,Adam Child; Craig Marshall (2004),GPL-2.0-or-later,REUSABLE under GPL-3.0-or-later derivative,Explicit source header
src/Game.cpp,641667d921dc4972e0734ade62df67ea5a6551ccff300a2725d90de82b801d22,Adam Child; Craig Marshall (2004),GPL-2.0-or-later,REUSABLE under GPL-3.0-or-later derivative,Explicit source header
src/Game.h,b5b72b90bc54dd5b4f19bb8399f2051e2c6e7113728062bc12fd43b7e8064073,Adam Child; Craig Marshall (2004),GPL-2.0-or-later,REUSABLE under GPL-3.0-or-later derivative,Explicit source header
src/GameEnd.cpp,c16420bfa5e4e03c8c7cfb6e1216e180e77344cba372ed5cb04f63af0dab923b,Adam Child; Craig Marshall (2004),GPL-2.0-or-later,REUSABLE under GPL-3.0-or-later derivative,Explicit source header
src/GameEnd.h,7988d8804c926abca644ffea909640c645253e67d3416b360d89972231347804,Adam Child; Craig Marshall (2004),GPL-2.0-or-later,REUSABLE under GPL-3.0-or-later derivative,Explicit source header
src/GameSelect.cpp,77ebb7ca0f4565fcb814b7039e14f4f18aa2796bb2768c8adaeee7a011ceea04,Adam Child; Craig Marshall (2004),GPL-2.0-or-later,REUSABLE under GPL-3.0-or-later derivative,Explicit source header
src/GameSelect.h,4bf7dbc703112b61077bbe40057e447a4710b664a5cb0c3cbe9051f7ffc0f9cb,Adam Child; Craig Marshall (2004),GPL-2.0-or-later,REUSABLE under GPL-3.0-or-later derivative,Explicit source header
src/General.cpp,879438decb08a75f36b816c89503d3328fb244f979e46cb871fdc95e810f599f,Adam Child; Craig Marshall (2004),GPL-2.0-or-later,REUSABLE under GPL-3.0-or-later derivative,Explicit source header
src/General.h,95bcdf7cea45fe1394a1ba4e0bcf4bc9265529c0990c7f914d6c5191e7f84c11,Adam Child; Craig Marshall (2004),GPL-2.0-or-later,REUSABLE under GPL-3.0-or-later derivative,Explicit source header
src/ILoadSave.h,7ffb2903f70584646bfc3bad816807c81978789336f834f8b26ffdcd95bc98dd,Adam Child; Craig Marshall (2004),GPL-2.0-or-later,REUSABLE under GPL-3.0-or-later derivative,Explicit source header
src/IWidget.h,75d341a37a2216e07ecb88103214c025f92e8c61a931e6767c7194b9af783811,Adam Child; Craig Marshall (2004),GPL-2.0-or-later,REUSABLE under GPL-3.0-or-later derivative,Explicit source header
src/Label.cpp,dbd8192b0286cd5f49bbf9870ac1f616d2a1ff2fd91d55c68ae12f891f2ba16a,Adam Child; Craig Marshall (2004),GPL-2.0-or-later,REUSABLE under GPL-3.0-or-later derivative,Explicit source header
src/Label.h,2576dfb00da103d06dbd70c759af84ba3222e16f51e51e0ad0b98e7099587e1b,Adam Child; Craig Marshall (2004),GPL-2.0-or-later,REUSABLE under GPL-3.0-or-later derivative,Explicit source header
src/Level.cpp,d9a3c89935b8cad943637450f76acd4b962c83d0386a7c163600b897678cf774,Adam Child; Craig Marshall (2004),GPL-2.0-or-later,REUSABLE under GPL-3.0-or-later derivative,Explicit source header
src/Level.h,6ceb33296e748b633192a7dfaeda4872591e438b93986b47b08ddd407d826e5e,Adam Child; Craig Marshall (2004),GPL-2.0-or-later,REUSABLE under GPL-3.0-or-later derivative,Explicit source header
src/LevelEditor.cpp,db8fc3d1357b699451e27f8c299ebcb34824264a956bb9e8b40dac2409afb5ff,Adam Child; Craig Marshall (2004),GPL-2.0-or-later,REUSABLE under GPL-3.0-or-later derivative,Explicit source header
src/LevelEditor.h,1cd7a70fcec9dd916a46e26e5604aa3c22a44de65b73a0ed1568ce6bd89ac4d2,Adam Child; Craig Marshall (2004),GPL-2.0-or-later,REUSABLE under GPL-3.0-or-later derivative,Explicit source header
src/LevelTimer.cpp,66589a24d611e56dd3d3b63d40ddc4fffe57a9be316d22203441df4eecfb9ef0,Adam Child; Craig Marshall (2004),GPL-2.0-or-later,REUSABLE under GPL-3.0-or-later derivative,Explicit source header
src/LevelTimer.h,0302735ce0d2c6750655c4e5315a808ce5c9a637fa137c49b7eb79d4988b82f3,Adam Child; Craig Marshall (2004),GPL-2.0-or-later,REUSABLE under GPL-3.0-or-later derivative,Explicit source header
src/List.h,5bb0e4c2f9749971ef6e80e1a6e7aba6b314bd825a53ab42a50d48bb68e0665e,Ron Penton (attributed in file),UNRESOLVED,QUARANTINE CODE / REIMPLEMENT,Header says Data Structures For Game Programmers / Ron Penton / DLinkedList.h; no license grant in file
src/ListBox.cpp,a0567be1c07b3d45c0f85c2323b7b429aa9090f7e858e50f9e59738a5b7cfd85,Adam Child; Craig Marshall (2004),GPL-2.0-or-later,REUSABLE under GPL-3.0-or-later derivative,Explicit source header
src/ListBox.h,256bc78afaaf6dae485033364090c01b1017da3b9882977f2c9c59eb08c5545e,Adam Child; Craig Marshall (2004),GPL-2.0-or-later,REUSABLE under GPL-3.0-or-later derivative,Explicit source header
src/Log.cpp,18983b8906b9e8785654c8917f097799d8ea6f9d2037725e5f2255a6e4c6fe5c,Adam Child; Craig Marshall (2004),GPL-2.0-or-later,REUSABLE under GPL-3.0-or-later derivative,Explicit source header
src/Log.h,f6b885051e2317fe9d110117e2b293569606f64de38b80d5fae613022c49ed61,Adam Child; Craig Marshall (2004),GPL-2.0-or-later,REUSABLE under GPL-3.0-or-later derivative,Explicit source header
src/MainMenu.cpp,971f4cda257dd96e41340218af80436fa18e7c2b699c6d840e87ecd46182ec9d,Adam Child; Craig Marshall (2004),GPL-2.0-or-later,REUSABLE under GPL-3.0-or-later derivative,Explicit source header
src/MainMenu.h,2b476bc096390f86c325f2c6c9b49099760a467ca418e770d266fb4c734dac7d,Adam Child; Craig Marshall (2004),GPL-2.0-or-later,REUSABLE under GPL-3.0-or-later derivative,Explicit source header
src/MessageBox.cpp,ce555c3409e5e7245acb842b7c44cf3c8146fedb8a7d63bf40fcd4dc33c77f08,Adam Child; Craig Marshall (2004),GPL-2.0-or-later,REUSABLE under GPL-3.0-or-later derivative,Explicit source header
src/MessageBox.h,3f83b8489e9951a2f529e08dad595fc379d1c2e9b63b64f70ea43ed660f9ce69,Adam Child; Craig Marshall (2004),GPL-2.0-or-later,REUSABLE under GPL-3.0-or-later derivative,Explicit source header
src/Options.cpp,56bee13d8bb2f3753160396e07461142fa510021dc764f2548b8f0047ac56009,Adam Child; Craig Marshall (2004),GPL-2.0-or-later,REUSABLE under GPL-3.0-or-later derivative,Explicit source header
src/Options.h,637dc5380967da746f22eaaa47ccf04f8378f92f909054c7702859c6e3822b1c,Adam Child; Craig Marshall (2004),GPL-2.0-or-later,REUSABLE under GPL-3.0-or-later derivative,Explicit source header
src/OptionsScreen.cpp,404fc0d352c516fb01f647f9e9b75466f04bbc639f2d6916a005be109456db34,Adam Child; Craig Marshall (2004),GPL-2.0-or-later,REUSABLE under GPL-3.0-or-later derivative,Explicit source header
src/OptionsScreen.h,8b4868664b223061b81f95c95242b2d7cb16d5231218e3f6ded75511f6c64ffe,Adam Child; Craig Marshall (2004),GPL-2.0-or-later,REUSABLE under GPL-3.0-or-later derivative,Explicit source header
src/RecordReplayActions.h,5ce5e7d2f7b2a8ca6c05f05f0bd9561aa40c444a35038c6f079d8c66fef182b6,Adam Child; Craig Marshall (2004),GPL-2.0-or-later,REUSABLE under GPL-3.0-or-later derivative,Explicit source header
src/Slider.cpp,ad39a0e3b2e4ce3b7a7e4d55a6326bcfe9d3f62b83bb4102dc21fe45fbd80178,Adam Child; Craig Marshall (2004),GPL-2.0-or-later,REUSABLE under GPL-3.0-or-later derivative,Explicit source header
src/Slider.h,75d9459c848eca77a88621349f4c068ae15f3e93e45e2c44646a60162f855319,Adam Child; Craig Marshall (2004),GPL-2.0-or-later,REUSABLE under GPL-3.0-or-later derivative,Explicit source header
src/SplashScreen.cpp,996c4c4b62c72b30ddd5b09c5f0c13f90a26a300cafe13aab147c639223691d3,Adam Child; Craig Marshall (2004),GPL-2.0-or-later,REUSABLE under GPL-3.0-or-later derivative,Explicit source header
src/SplashScreen.h,53bce1a5d9cb86ac22b9cf983bc3ad1f1507ce82d973569610b114ac9a2b363c,Adam Child; Craig Marshall (2004),GPL-2.0-or-later,REUSABLE under GPL-3.0-or-later derivative,Explicit source header
src/TextBox.cpp,84e97d9441de0462b84dfd2e314bb0315ff2a65346638f6d74b57f32d4e1d0a3,Adam Child; Craig Marshall (2004),GPL-2.0-or-later,REUSABLE under GPL-3.0-or-later derivative,Explicit source header
src/TextBox.h,f8f5b4b713377862a1a6a96dc64e7984f7ce6e2751c7d1b186809783abd7bdbc,Adam Child; Craig Marshall (2004),GPL-2.0-or-later,REUSABLE under GPL-3.0-or-later derivative,Explicit source header
src/TextExplodingBubble.cpp,b986f816ca1b037152be3a47b4ad1933cb0f721187ab9036d2877e6189539ccc,Adam Child; Craig Marshall (2004),GPL-2.0-or-later,REUSABLE under GPL-3.0-or-later derivative,Explicit source header
src/TextExplodingBubble.h,f61ae1cbb7c75a49d0a53cbb78a6383c5727654831a6323fb629bdacbef41eb0,Adam Child; Craig Marshall (2004),GPL-2.0-or-later,REUSABLE under GPL-3.0-or-later derivative,Explicit source header
src/Theme.cpp,1808871f15cc5a4802c1679b30623bfd7dae46a76a83a24766302ed96d8fe352,Adam Child; Craig Marshall (2004),GPL-2.0-or-later,REUSABLE under GPL-3.0-or-later derivative,Explicit source header
src/Theme.h,a5c7c3dd7d621ba0e011f66f51f25fa31b9cee88b908edba7aaa4e089873b01c,Adam Child; Craig Marshall (2004),GPL-2.0-or-later,REUSABLE under GPL-3.0-or-later derivative,Explicit source header
src/Track.cpp,428965ce278c205abe3fb4d16eeb4febde017ad6344cc8ef118cda433eb677e6,Adam Child; Craig Marshall (2004),GPL-2.0-or-later,REUSABLE under GPL-3.0-or-later derivative,Explicit source header
src/Track.h,52f4b8c846cefe3c84bd30e479e1a5330107a78721ebd0dff38c6d4ed6584c5c,Adam Child; Craig Marshall (2004),GPL-2.0-or-later,REUSABLE under GPL-3.0-or-later derivative,Explicit source header
src/TrackArc.cpp,eb006b9d63bc3002eb0997ff56ef4957bd517ae72332a46510fb973205eaffb4,Adam Child; Craig Marshall (2004),GPL-2.0-or-later,REUSABLE under GPL-3.0-or-later derivative,Explicit source header
src/TrackArc.h,03e37e2603bd8a4e31c9f07d6bec162223269415bdc074267059b12072ed3dec,Adam Child; Craig Marshall (2004),GPL-2.0-or-later,REUSABLE under GPL-3.0-or-later derivative,Explicit source header
src/TrackLine.cpp,62d646d4e0f2d30e14f6bbb7ad33b1af8a6f6f8106a35dd7fb1e70ce0b8d3a41,Adam Child; Craig Marshall (2004),GPL-2.0-or-later,REUSABLE under GPL-3.0-or-later derivative,Explicit source header
src/TrackLine.h,ee63d0c02dcf14f2717d86d3b1b029ad517876679a3dfce15581e6ff55fca8d8,Adam Child; Craig Marshall (2004),GPL-2.0-or-later,REUSABLE under GPL-3.0-or-later derivative,Explicit source header
src/TrackSection.h,a599b704ad1d8ab7ffe04a25c585e35aa5be19a9a75e1a00d8632d7c296d34a6,Adam Child; Craig Marshall (2004),GPL-2.0-or-later,REUSABLE under GPL-3.0-or-later derivative,Explicit source header
src/TrackSpiral.cpp,9aeeaf4aa25ca06936eb2e730212a53f73779f3f7fc78f6fb290a9e226b26abf,Adam Child; Craig Marshall (2004),GPL-2.0-or-later,REUSABLE under GPL-3.0-or-later derivative,Explicit source header
src/TrackSpiral.h,b8e0de0a5eb1e9a83fe81315f7f6fe77b3c3738e49f8dffd783e857d8d67054d,Adam Child; Craig Marshall (2004),GPL-2.0-or-later,REUSABLE under GPL-3.0-or-later derivative,Explicit source header
src/Train.cpp,8ab4c30416119871c5e097ee0ed340ecd819cdde1b276688a4d5046c999c6273,Adam Child; Craig Marshall (2004),GPL-2.0-or-later,REUSABLE under GPL-3.0-or-later derivative,Explicit source header
src/Train.h,9623624c6b8762eb00ce2143e2220c8c69af8f257389647500fe0b0a701a1c52,Adam Child; Craig Marshall (2004),GPL-2.0-or-later,REUSABLE under GPL-3.0-or-later derivative,Explicit source header
src/TrainStation.cpp,e3eb4cafca011e7f2e3165aedd2626f71f0c7d298f06768b36f059b1cfa62afe,Adam Child; Craig Marshall (2004),GPL-2.0-or-later,REUSABLE under GPL-3.0-or-later derivative,Explicit source header
src/TrainStation.h,76928df130b80f7cb420ed3560aabc7e32685f05729e04a299f200a87a4578d0,Adam Child; Craig Marshall (2004),GPL-2.0-or-later,REUSABLE under GPL-3.0-or-later derivative,Explicit source header
src/Window.cpp,ef47cb13f80db24b1f593a407f61691150d200abced6f9893c5a1a0a399930c2,Adam Child; Craig Marshall (2004),GPL-2.0-or-later,REUSABLE under GPL-3.0-or-later derivative,Explicit source header
src/Window.h,a3911fdcdbdb98ce38900216a393cbf5e13e59b5b4cce4b5403642bc10cc0bed,Adam Child; Craig Marshall (2004),GPL-2.0-or-later,REUSABLE under GPL-3.0-or-later derivative,Explicit source header
src/WindowManager.cpp,07e75c187a90fd4e4f88ab2cc01d896f664e133c02f1135b496eab8c7f5effb8,Adam Child; Craig Marshall (2004),GPL-2.0-or-later,REUSABLE under GPL-3.0-or-later derivative,Explicit source header
src/WindowManager.h,31b0370559285b01d55ca3813236cc453178cce11e6c629567318eebadf52ccd,Adam Child; Craig Marshall (2004),GPL-2.0-or-later,REUSABLE under GPL-3.0-or-later derivative,Explicit source header
