category,path,width,height,sha256
blank,DATA/BUILDER/0.bmp,64,64,6a8cadaf5b204d82f7b9efcbc6d9133378b73ad9992c42128b6d5fc4cccee4ef
walls,DATA/BUILDER/12_01_50/a-02.bmp,64,64,3d87375bb6bd1c1a9ccc722f0fcf6dbf35360c3eb7682a1a839c6e48115f304f
walls,DATA/BUILDER/12_02_30/a-11.bmp,64,64,a0006ce2c8811b2af89e267db0806f8b6e2fb147f65663d3d02f23d03a68bfbc
windows,DATA/BUILDER/12_03/61.bmp,64,64,630dfc5d97865906498f47a7b38e72bf30bfb7f44bc9dc319ad65d00fe5c43a6
windows,DATA/BUILDER/12_03/62.bmp,64,64,f2764871701a5846833f4ac96e341663a08fd0e6b3c9dcf5305f4b63c6709614
windows,DATA/BUILDER/12_03/63.bmp,64,64,ee9c7e2f9aff1715568f79be1d786ec7453cf0aa6220aea73c40da0778648b1c
windows,DATA/BUILDER/12_03/64.bmp,64,64,ec1cc3a3b8a20a9d64eff76b4a0cc9a1498a6a0f9947223cf439095439836c8c
windows,DATA/BUILDER/12_03/65.bmp,64,64,130bf28c31587d159d84f5386d346fd9bd8636d753fd6bd9a5b206d6fb310965
windows,DATA/BUILDER/12_03/66.bmp,64,64,a5d22fb2172feea7121f992796f4de9c49e70dc8709cfb92f424e293ca7f0965
windows,DATA/BUILDER/12_03/67.bmp,64,64,368e35a20fb6afb9a5444cd1b9ad41e5f2706006a1ffb0a6374f7df3f237f5cd
windows,DATA/BUILDER/12_03/68.bmp,64,64,f9c78347ae426be2cbfb5a528e200df6041fa5b5c66e2a9ecbd7392637e8579c
windows,DATA/BUILDER/12_03/70.bmp,64,64,f7d76e614eca4f0289391264f4c634d7f4cf97d8c600d438e470cdca325be22a
windows,DATA/BUILDER/12_03/71.bmp,64,64,ff6c1cb2af174081e7d2471563c0d77b82e9ddd9d19f98f2a6862b01f81c6923
windows,DATA/BUILDER/12_03/72.bmp,64,64,cc3320826729ef9c774ec126d2e8fbb2b72385892711c7a95d86039081f2efbe
windows,DATA/BUILDER/12_03/73.bmp,64,64,9ec54c7109a64c3150315da04997630ca6774c20365489780ac6126dfd2f6a99
windows,DATA/BUILDER/12_03/74.bmp,64,64,13e3f5c5ffb43d7fa2f633e48f500b248f6e2f8147edb99249d4e633e2f4d17c
windows,DATA/BUILDER/12_03/76.bmp,64,64,c8f07e2cb32d65d59ad72d9e19797201822d520209ab98c68ac0688e7b09d4ce
windows,DATA/BUILDER/12_03/77.bmp,64,64,9ff629ce37a0cc3a61d2bb4602eaf0a1773896868d53e7d1036b24b9d264fc8f
windows,DATA/BUILDER/12_03/78.bmp,64,64,8fbc5bd4e369f92dbe1ce580ae4b814ce920db6500335e745137ee7292f1e036
windows,DATA/BUILDER/12_03/79.bmp,64,64,1cfa464666237dcdd869121f07514b663e47e45ed2f0e23693370cb0354303cd
windows,DATA/BUILDER/12_03/80.bmp,64,64,b7b99eb29cbce0e084030b13fcc72d901dbbf3b700269d0ddc5589afb2093cf2
windows,DATA/BUILDER/12_03/81.bmp,64,64,b8803fa712b2595702c3c4f0b7878a2364eb1818532b3bdb3282f43196e59e46
windows,DATA/BUILDER/12_03/83.bmp,64,64,1cfa464666237dcdd869121f07514b663e47e45ed2f0e23693370cb0354303cd
walls,DATA/BUILDER/12_03/a-19.bmp,64,64,11524095ec2196cf258c12f758010caa732ff2cb20ede406dde9b378f39082e3
walls,DATA/BUILDER/12_04_30/a-10.bmp,64,64,8531e7127159bb1de21f24848ba7877e3a9470438700923919861bd81c644a63
walls,DATA/BUILDER/12_05_50/a-05.bmp,64,64,8fd664169fc6a334574ead7e05b87c97fc62df34cc028fbae09dc1917289773c
walls,DATA/BUILDER/12_05_50/a-16.bmp,64,64,ab471438caf12f50ebc96d1a43f6f66f442f3f56a39811e53bd7d4542bdb46f5
walls,DATA/BUILDER/1_01_50/a-09.bmp,64,64,74a04748c35f5141ccf090e8e8ccb82294c4c390c3f08eff7f5da85773b4b3ee
walls,DATA/BUILDER/1_01_50/a-17.bmp,64,64,d2685d5b35a223548a7effa4898a59fee138b1d9233ff268a269011761fa63f0
doors,DATA/BUILDER/1_02_30/19.bmp,64,64,ad2c5853ffb6b4a5ab75853fe8881d6752ce68666243133a7d4502c70ceba241
walls,DATA/BUILDER/1_02_30/a-15.bmp,64,64,1d45428ef15638b53f2368fb6400dca04bc28bff73d7f937927d9329184cf40b
doors,DATA/BUILDER/1_03/13.bmp,64,64,1f8a9b3ad81032591c1dcbd7240a54ef83ef5e2b506c226ac2af38d136789e29
doors,DATA/BUILDER/1_03/14.bmp,64,64,232b91d5f460e090cc6a252b2e6671b865441dce704b49b2267d9b8ec92618e3
doors,DATA/BUILDER/1_03/15.bmp,64,64,c1f5e8541e538ac6078673ae80d41eeea730eb7968f47a5bc75df9092538f1e1
doors,DATA/BUILDER/1_03/16.bmp,64,64,7177eb8d90e9bb34ac459318655a0fded3b1028169025a311fa936b5dcc1036a
doors,DATA/BUILDER/1_03/17.bmp,64,64,828845a8f52c0d74fac19dd0403cb63def12ee47b8ff6cd6b35b011d68fc518a
doors,DATA/BUILDER/1_03/20.bmp,64,64,4d9b31c718903065ac5e44443c963fb94b89a5703977d3bda4f32ba26f3e8547
doors,DATA/BUILDER/1_03/21.bmp,64,64,457a636dae2f033e37f483a40c9f8ba47dd9422e0799e722cf0285353bc95fe3
walls,DATA/BUILDER/1_03/a-01.bmp,64,64,84fce2efa5eda94e4325f8067ecefc91f26f71dcc3944cf4fcf93956f1fdb931
walls,DATA/BUILDER/1_03/a-03.bmp,64,64,e6bb83abc2e1e30175113fd51c56fe653b62aae9a9501ab0286882a366d11db7
walls,DATA/BUILDER/1_03/a-04.bmp,64,64,079061efdeda575a2e5016b90cd6c24e40d124969a2a218f67ed736e9c581009
walls,DATA/BUILDER/1_03/a-12.bmp,64,64,f25f5aee7fdde7838d938ed4dda145ea6dfa070f559f80a48c562459b5604bb8
walls,DATA/BUILDER/1_03/a-13.bmp,64,64,80f0c5d899d90848b8e5bf4fde9ec7b05702b789f0d01863ab4364de3cc7a573
walls,DATA/BUILDER/1_03/a-14.bmp,64,64,f7c2d9f19c2c57caf0edb546d3430732262d364a6d4e8f11f4099a1462bb8b71
doors,DATA/BUILDER/1_03/a-18.bmp,64,64,8f664025389de9293edec41049dffc2325b7ab43bc0cbd94923ddd2e4d97969b
doors,DATA/BUILDER/1_04_30/18.bmp,64,64,1d2bfff87bc2eff1bd71466ab19758c1c69fc584b50d0b8e9efadeeba5eda5d9
walls,DATA/BUILDER/1_05_50/a-06.bmp,64,64,92920f0e770475f749112828e9b5111eb3157bc2f2a0d1a03de86ecb21c65b88
walls,DATA/BUILDER/2_01_50/10.bmp,64,64,48016ed690a8a0ed9d0f728cfac1be2750237a044f1c99273667771b53db6fbe
walls,DATA/BUILDER/2_01_50/a-08.bmp,64,64,0d169a77e9b9221fa21f75b53a8a1c3a273befb799c4d559cb44ea708491a182
walls,DATA/BUILDER/2_02_30/08.bmp,64,64,602d527f72a1a4c776658de7fd076d3195db0de90369bdf17ba1b0d563bb1706
walls,DATA/BUILDER/2_03/01.bmp,64,64,c3fa195b6a981a3b79010c6330dcaa4e1c45c6a2daaa94f02a062d7ef2297483
walls,DATA/BUILDER/2_03/02.bmp,64,64,371c823087eb72d143334a64d9a6531bffc602a91ba9e102fa244ee97bef193b
walls,DATA/BUILDER/2_03/03.bmp,64,64,da155f684d006af7c35378ad7c18c763c7e27d2492785d01f0fb1601ca81e217
walls,DATA/BUILDER/2_03/04.bmp,64,64,bca995d7ec4d6c4a32b6273d498f5e08ac972063dfb3f8e294a3dbbb699f9d57
walls,DATA/BUILDER/2_03/05.bmp,64,64,22aefdc1e9079af984c58820cd69b54d8bd1c26180a17ea55f5b37d787087f2c
walls,DATA/BUILDER/2_03/06.bmp,64,64,b70e30aec1362cf5b5e24949bb5153941b997678567292459a9eb44a403d5b75
walls,DATA/BUILDER/2_03/07.bmp,64,64,87c7a4a7b219b74b1236f6f1e65af010409340315f67f998d4cb2c18d3644f38
windows,DATA/BUILDER/2_03/60.bmp,64,64,95563f5d39c491ca2217616e53396b59d289016e690cddb0352e77acda395a5a
windows,DATA/BUILDER/2_03/75.bmp,64,64,a5acb3c76a6d2ebfcd29b0dbf379d34fbe74284c2248000c1f793ab126156bd1
walls,DATA/BUILDER/2_04_30/09.bmp,64,64,577d7d40eaea33aecb023168e7db91d02798c787b27c5a8775a6a610e311d860
walls,DATA/BUILDER/2_05_50/11.bmp,64,64,aeab5989b799ddb7e5b67a79ea99f7df1a0112d09d0e0a2bbcd183ab0c399578
walls,DATA/BUILDER/2_05_50/a-07.bmp,64,64,59d2d949c8cafaa4d1747bd7265cc77b0283ae2aabb9170db2670c83d8e3ebb4
roof,DATA/BUILDER/3_01_50/35.bmp,64,64,edc0cbd238e8dae50e8a3d24babb40383b443be8f8c84172c96cbefacc4c6c79
roof,DATA/BUILDER/3_01_50/39.bmp,64,64,ca8cf3f5c85765d6f151f15925bf98a17798e517d4e28f0045fcc45b7417f933
roof,DATA/BUILDER/3_02_30/41.bmp,64,64,a7bc5d113e81c121fb4af5b24e96cc0e6ff739938941a134435b41aa52020d43
roof,DATA/BUILDER/3_03/32.bmp,64,64,b0d760a2193627ba8be5a0d3ce85f5590cde11cd8185a9eee37cc8ae2cee0a73
roof,DATA/BUILDER/3_04_30/40.bmp,64,64,5577d5ad6e2585deb21ab87a3f51a5d317d93915cb4fb23aec635df8143d2d8a
roof,DATA/BUILDER/3_05_50/37.bmp,64,64,f6627c0b0cd57545ee0870430a4303d5534d13fe2891639bf0cee89216a93c8b
roof,DATA/BUILDER/3_05_50/38.bmp,64,64,ec1825feb50b1c37ea1461eeaa6653422ff77b991be80316aab3627af564ee73
roof,DATA/BUILDER/4_02/34.bmp,64,64,384b5c21ca791b9a119a9335632928b321d810ce480127ae4ec4a05c6a935b9f
roof,DATA/BUILDER/4_02/46.bmp,64,64,b64e158db8cf65043dbdceeb9a1fe9b689237fc13e9f156b682b0f36508308d3
roof,DATA/BUILDER/4_02/50.bmp,64,64,45eb2a7b658d8039bc03efa57bc6f4c01cc18bcea427e46dd172cefbec8cc91f
roof,DATA/BUILDER/4_02/b-04.bmp,64,64,5a85a20435b5afef0ac29e320e1f09e740e794dcee41d65bc7d8cada136893fb
roof,DATA/BUILDER/4_03/33.bmp,64,64,290ad2b80804ad1677ae4c9198829d717ef21affeddc0d0781233d27087bbd32
roof,DATA/BUILDER/4_03/42.bmp,64,64,24dd193a110d3277951a615ca7f3496922e9bea7d264df425349fbff409be61e
roof,DATA/BUILDER/4_03/43.bmp,64,64,b039d41ed8a83270d4b6d0692837597068c5d5db93da319780d6542ff57bf16c
roof,DATA/BUILDER/4_03/44.bmp,64,64,41de9f773aaa5386c4738ea76d95fd05bcdc25c00cfd44bcbcb23218e8a8c0bc
roof,DATA/BUILDER/4_03/47.bmp,64,64,1471203491d4bc84853006b7edc4fddc3eae3598b5f92839a1aa0819b553c3aa
roof,DATA/BUILDER/4_03/48.bmp,64,64,922e5ee8b04eb2663cd39761bd3a7ab7c4499324641e58f55f04558bb26727b1
roof,DATA/BUILDER/4_03/49.bmp,64,64,29ea1cace6bbb94a64c97dbe0860fec38319258ddef698b5fead7d125ee69816
roof,DATA/BUILDER/4_03/b-01.bmp,64,64,769f88d1e75487db5393449896f4571d945517906cb44e398ccc851b25782916
roof,DATA/BUILDER/4_03/b-02.bmp,64,64,ca8f3b5a334fe81945d02e97758491c70b0efc5aaa863aa97e8c48ba4c2bacf4
roof,DATA/BUILDER/4_03/b-03.bmp,64,64,01c9cd6e643bf313a498203b5aab9b3f5e86782a0ce6a0dbbac4d6fe03d9897c
roof,DATA/BUILDER/4_03/b-06.bmp,64,64,404f5a8a72a21fa1eeb54f7ef190d9528f483f8adea37793ed2063a10dff7979
roof,DATA/BUILDER/4_04/36.bmp,64,64,70e59fedc71d8aeacbf677f3e91b5e2bf798fd7f88349ef8d00bf68433c8ed97
roof,DATA/BUILDER/4_04/45.bmp,64,64,f189e72d0c9b23adb5c418e018b47d1574c2d303d1b669f75c2bd11ebf66b5e5
roof,DATA/BUILDER/4_04/51.bmp,64,64,cc76128acfe5d6aeb6ef3328b539363c1adfab1beb7f3c228d5655ba4ac00506
roof,DATA/BUILDER/4_04/b-05.bmp,64,64,92c120a3aad3297e835e7a5f39482aea33b666fb7a214ad5b9f9e7b09611f003
