source_bmp,png,width,height,pixel_identical_rgb,sha256_bmp,sha256_png
0.bmp,assets/builder/0.png,64,64,true,6a8cadaf5b204d82f7b9efcbc6d9133378b73ad9992c42128b6d5fc4cccee4ef,bffc8ba164dce4be6b7bcd0f9cd3a21c60f4c6d56febeb942a0110623f69397b
12_01_50/a-02.bmp,assets/builder/12_01_50/a-02.png,64,64,true,3d87375bb6bd1c1a9ccc722f0fcf6dbf35360c3eb7682a1a839c6e48115f304f,3c666c755109e1a031ffdc1251fe6ee06687882ae300d6a63c84ee79dd5be1ef
12_02_30/a-11.bmp,assets/builder/12_02_30/a-11.png,64,64,true,a0006ce2c8811b2af89e267db0806f8b6e2fb147f65663d3d02f23d03a68bfbc,34fa2c6be06f1a2a311ce22123791198dabfbeca8e6b3f82108d9bdfd3b1effe
12_03/61.bmp,assets/builder/12_03/61.png,64,64,true,630dfc5d97865906498f47a7b38e72bf30bfb7f44bc9dc319ad65d00fe5c43a6,7a71cab15b67fc4b2f56abdfffaaaaf6681213c95c8b3f24a51317617dacce06
12_03/62.bmp,assets/builder/12_03/62.png,64,64,true,f2764871701a5846833f4ac96e341663a08fd0e6b3c9dcf5305f4b63c6709614,1adee13c075d37b495ec523b510ca7330e30d5ef19514aa8f299c4a126ae6029
12_03/63.bmp,assets/builder/12_03/63.png,64,64,true,ee9c7e2f9aff1715568f79be1d786ec7453cf0aa6220aea73c40da0778648b1c,8449a63e1e98ceeec33ad604ea2f2e3eae7f7b03be2f60129b53dda792a4fb9f
12_03/64.bmp,assets/builder/12_03/64.png,64,64,true,ec1cc3a3b8a20a9d64eff76b4a0cc9a1498a6a0f9947223cf439095439836c8c,6cc68eb85ad5e1a49e55d6a2dfd481323f92acf0849adb5781ca11d021054227
12_03/65.bmp,assets/builder/12_03/65.png,64,64,true,130bf28c31587d159d84f5386d346fd9bd8636d753fd6bd9a5b206d6fb310965,a7c465d62b7985dbdb705860d89213804edb65d867760e0ed54ee83d208e16bb
12_03/66.bmp,assets/builder/12_03/66.png,64,64,true,a5d22fb2172feea7121f992796f4de9c49e70dc8709cfb92f424e293ca7f0965,303fe9b9598b93db683412ae86b7b0aaaac2bb3107278a544bbc3266d8f4da62
12_03/67.bmp,assets/builder/12_03/67.png,64,64,true,368e35a20fb6afb9a5444cd1b9ad41e5f2706006a1ffb0a6374f7df3f237f5cd,08fb9514371baec33b1f36b7562f030427ad3295789f455c79d4f2b92cfc82d4
12_03/68.bmp,assets/builder/12_03/68.png,64,64,true,f9c78347ae426be2cbfb5a528e200df6041fa5b5c66e2a9ecbd7392637e8579c,f42f01da068de8b9ce31416f891ec9fc0cb3f923cd0a285bcf172d8df9ce7f8b
12_03/70.bmp,assets/builder/12_03/70.png,64,64,true,f7d76e614eca4f0289391264f4c634d7f4cf97d8c600d438e470cdca325be22a,873306e034faea5b5200a390478488010c5ef98513606020cea55e08b0ffddf2
12_03/71.bmp,assets/builder/12_03/71.png,64,64,true,ff6c1cb2af174081e7d2471563c0d77b82e9ddd9d19f98f2a6862b01f81c6923,ef71fdd87331ebe99a9221904391b8c731588440bc3a1e2291d8f65d943ca0dd
12_03/72.bmp,assets/builder/12_03/72.png,64,64,true,cc3320826729ef9c774ec126d2e8fbb2b72385892711c7a95d86039081f2efbe,35fc7c3520a6bd67055613c561981cd07839c955fd2722d9e27bced3a96cfc53
12_03/73.bmp,assets/builder/12_03/73.png,64,64,true,9ec54c7109a64c3150315da04997630ca6774c20365489780ac6126dfd2f6a99,a3c4d0263e808083c14c188605fcbff33d9e0c8a437240701de5ad7fe6ec7f89
12_03/74.bmp,assets/builder/12_03/74.png,64,64,true,13e3f5c5ffb43d7fa2f633e48f500b248f6e2f8147edb99249d4e633e2f4d17c,1ab0540b6882617f97369f6a038de86f888e3e22e98e9c9ed7caeb0739e8d3c3
12_03/76.bmp,assets/builder/12_03/76.png,64,64,true,c8f07e2cb32d65d59ad72d9e19797201822d520209ab98c68ac0688e7b09d4ce,101a727aa7508af8eab5aa8cf58976777882642d2e2de96dd19a9320beea761c
12_03/77.bmp,assets/builder/12_03/77.png,64,64,true,9ff629ce37a0cc3a61d2bb4602eaf0a1773896868d53e7d1036b24b9d264fc8f,a36551ad2bae34e347eb1570db446964bc345545a82582717a9c732b5242b6d0
12_03/78.bmp,assets/builder/12_03/78.png,64,64,true,8fbc5bd4e369f92dbe1ce580ae4b814ce920db6500335e745137ee7292f1e036,68b8b7a99ec35721715f8b091acf4f9602783340fe771614b6911aaeb0e9e5f6
12_03/79.bmp,assets/builder/12_03/79.png,64,64,true,1cfa464666237dcdd869121f07514b663e47e45ed2f0e23693370cb0354303cd,eb628b993a60897de83120473427669e6de4cdf639d1ff813cab75efce5a9a25
12_03/80.bmp,assets/builder/12_03/80.png,64,64,true,b7b99eb29cbce0e084030b13fcc72d901dbbf3b700269d0ddc5589afb2093cf2,e7b485e2b6b6eb7f5642c23d96c7a2af530e21da7c3d84b0a941d1c7a87a8c71
12_03/81.bmp,assets/builder/12_03/81.png,64,64,true,b8803fa712b2595702c3c4f0b7878a2364eb1818532b3bdb3282f43196e59e46,ef5ab990af2041b9736092d94a83acb2e6c9bfd740e393eb279a17b1c4960791
12_03/83.bmp,assets/builder/12_03/83.png,64,64,true,1cfa464666237dcdd869121f07514b663e47e45ed2f0e23693370cb0354303cd,eb628b993a60897de83120473427669e6de4cdf639d1ff813cab75efce5a9a25
12_03/a-19.bmp,assets/builder/12_03/a-19.png,64,64,true,11524095ec2196cf258c12f758010caa732ff2cb20ede406dde9b378f39082e3,14feff9ebd2dfa910b28879e87503f31bbd1535fcc3c4b07cc52353a7aa9a70d
12_04_30/a-10.bmp,assets/builder/12_04_30/a-10.png,64,64,true,8531e7127159bb1de21f24848ba7877e3a9470438700923919861bd81c644a63,c94f4eef4496dc5fb02b74eb49e9256a03dc534838299c2fcf758cc1e00dd550
12_05_50/a-05.bmp,assets/builder/12_05_50/a-05.png,64,64,true,8fd664169fc6a334574ead7e05b87c97fc62df34cc028fbae09dc1917289773c,6ece62f4ea8027e1ceacb8b3801e40b9dab41986f3e872732216f765ca7d7512
12_05_50/a-16.bmp,assets/builder/12_05_50/a-16.png,64,64,true,ab471438caf12f50ebc96d1a43f6f66f442f3f56a39811e53bd7d4542bdb46f5,3728fe9a5a96f07400d1fcf98ad23764ce01ec17c386684a3c58e9ff5eedc3e9
1_01_50/a-09.bmp,assets/builder/1_01_50/a-09.png,64,64,true,74a04748c35f5141ccf090e8e8ccb82294c4c390c3f08eff7f5da85773b4b3ee,8961c44ed84210d9be2635c80e676ec0ef624ba03497337f150309018ea73a7c
1_01_50/a-17.bmp,assets/builder/1_01_50/a-17.png,64,64,true,d2685d5b35a223548a7effa4898a59fee138b1d9233ff268a269011761fa63f0,0a89849796261668bd8de290713e9b955fd5add1c39a46031edff6d1fd2f7994
1_02_30/19.bmp,assets/builder/1_02_30/19.png,64,64,true,ad2c5853ffb6b4a5ab75853fe8881d6752ce68666243133a7d4502c70ceba241,ad9c39b83be792cee4961f205457828d76a0c91fa9c9df9f288f545b90f6fe1a
1_02_30/a-15.bmp,assets/builder/1_02_30/a-15.png,64,64,true,1d45428ef15638b53f2368fb6400dca04bc28bff73d7f937927d9329184cf40b,fcdda3363d5d4f3b588cd24b9275050802954e4233bbc7f3c398f19cc836fa7e
1_03/13.bmp,assets/builder/1_03/13.png,64,64,true,1f8a9b3ad81032591c1dcbd7240a54ef83ef5e2b506c226ac2af38d136789e29,4aa8438a44ba915ed866c2bd35cbc884c7eb8b14fc116eb9fe8a6c36c5243ab0
1_03/14.bmp,assets/builder/1_03/14.png,64,64,true,232b91d5f460e090cc6a252b2e6671b865441dce704b49b2267d9b8ec92618e3,b6a05a3c2ac275fb4db7c132cfb304f16e9e97a4a5de45471183897a2ddf9645
1_03/15.bmp,assets/builder/1_03/15.png,64,64,true,c1f5e8541e538ac6078673ae80d41eeea730eb7968f47a5bc75df9092538f1e1,8c36b4ab648189ee83ec9d489e39becee335cea9ec5458e716d4b32f93b4ee45
1_03/16.bmp,assets/builder/1_03/16.png,64,64,true,7177eb8d90e9bb34ac459318655a0fded3b1028169025a311fa936b5dcc1036a,b60de890c05b44104bd67fe7b5c6bd1c086d27934ec627bdec04c20ac34fc55d
1_03/17.bmp,assets/builder/1_03/17.png,64,64,true,828845a8f52c0d74fac19dd0403cb63def12ee47b8ff6cd6b35b011d68fc518a,407511e1a79323450da2f2a08f1bda2929a9541f3fd2bf8f3a7892ece29a915c
1_03/20.bmp,assets/builder/1_03/20.png,64,64,true,4d9b31c718903065ac5e44443c963fb94b89a5703977d3bda4f32ba26f3e8547,6cdc3a4e9b5ac8480baf029fb7d4cf5d5e4dbded5a1eaaa8c120becd8aa0424e
1_03/21.bmp,assets/builder/1_03/21.png,64,64,true,457a636dae2f033e37f483a40c9f8ba47dd9422e0799e722cf0285353bc95fe3,707a5ccbb3ad7945194c009dd0b63fa6eb63668bbe90f7d1dbcbadde2eee21fe
1_03/a-01.bmp,assets/builder/1_03/a-01.png,64,64,true,84fce2efa5eda94e4325f8067ecefc91f26f71dcc3944cf4fcf93956f1fdb931,6ff2172c3fbb85ad3055c81987941a1f18c02942405acc45a7c29508dd1af966
1_03/a-03.bmp,assets/builder/1_03/a-03.png,64,64,true,e6bb83abc2e1e30175113fd51c56fe653b62aae9a9501ab0286882a366d11db7,8685db91a9e910a4dbcc3a4d68555b8da3da9761a321fafc7c5e485edaeb75c3
1_03/a-04.bmp,assets/builder/1_03/a-04.png,64,64,true,079061efdeda575a2e5016b90cd6c24e40d124969a2a218f67ed736e9c581009,7dde1887eb5026ddf004897c841cfe70c2b2cf5ae6a716f61f33199683b232da
1_03/a-12.bmp,assets/builder/1_03/a-12.png,64,64,true,f25f5aee7fdde7838d938ed4dda145ea6dfa070f559f80a48c562459b5604bb8,13e6ae89fc4db687e45ada603ca331a846545e0dfc71fca869b76630791c4077
1_03/a-13.bmp,assets/builder/1_03/a-13.png,64,64,true,80f0c5d899d90848b8e5bf4fde9ec7b05702b789f0d01863ab4364de3cc7a573,f00dd6c287ecf5b2257e2992cab2d3b5bf5088902d2d98bc63d30b148ca86b87
1_03/a-14.bmp,assets/builder/1_03/a-14.png,64,64,true,f7c2d9f19c2c57caf0edb546d3430732262d364a6d4e8f11f4099a1462bb8b71,13bb28a6492936685e79692cda6a7f67a532e14e7bfea164c480d35bc70b600f
1_03/a-18.bmp,assets/builder/1_03/a-18.png,64,64,true,8f664025389de9293edec41049dffc2325b7ab43bc0cbd94923ddd2e4d97969b,10daa20a01f09929110688c8b36cc3391e9b5fc8484d08497c9a662b35d3e571
1_04_30/18.bmp,assets/builder/1_04_30/18.png,64,64,true,1d2bfff87bc2eff1bd71466ab19758c1c69fc584b50d0b8e9efadeeba5eda5d9,be81e0dc534ec0b90580ae19c2de08acc8e4bd70e437a1ffa115283bdd77981e
1_05_50/a-06.bmp,assets/builder/1_05_50/a-06.png,64,64,true,92920f0e770475f749112828e9b5111eb3157bc2f2a0d1a03de86ecb21c65b88,d49f57e82cb642efb65f3398499d02854edac80938c16996823808b31a83cd12
2_01_50/10.bmp,assets/builder/2_01_50/10.png,64,64,true,48016ed690a8a0ed9d0f728cfac1be2750237a044f1c99273667771b53db6fbe,b8026089471cb997051c148f1ea130c983a8101d258436dcb436510b6c077649
2_01_50/a-08.bmp,assets/builder/2_01_50/a-08.png,64,64,true,0d169a77e9b9221fa21f75b53a8a1c3a273befb799c4d559cb44ea708491a182,b66c9b7ac73404f73058edc36fd2d9d9228b467d66eecfe615a4211aba94f04c
2_02_30/08.bmp,assets/builder/2_02_30/08.png,64,64,true,602d527f72a1a4c776658de7fd076d3195db0de90369bdf17ba1b0d563bb1706,b675328dd713799a5c51c9d4c728ec4e03a8ee7eccd8222bbb9bb80915f1abbf
2_03/01.bmp,assets/builder/2_03/01.png,64,64,true,c3fa195b6a981a3b79010c6330dcaa4e1c45c6a2daaa94f02a062d7ef2297483,52ae493848c65d2ff20cf831b2b7cb94d199ca0491caa882ed7fa6ba9685fd40
2_03/02.bmp,assets/builder/2_03/02.png,64,64,true,371c823087eb72d143334a64d9a6531bffc602a91ba9e102fa244ee97bef193b,c867665fcb3ebbfc39f922b9fb1481b36504773c10df1756bfede69f6dcb1ad1
2_03/03.bmp,assets/builder/2_03/03.png,64,64,true,da155f684d006af7c35378ad7c18c763c7e27d2492785d01f0fb1601ca81e217,2b42e6459eef6181a1cccb8b4acce98c2cf19f57439e84822b778a5570b15156
2_03/04.bmp,assets/builder/2_03/04.png,64,64,true,bca995d7ec4d6c4a32b6273d498f5e08ac972063dfb3f8e294a3dbbb699f9d57,f3514cee332126bc2954541bf7a01dd343c435b8b65bdcd5372373af5255c667
2_03/05.bmp,assets/builder/2_03/05.png,64,64,true,22aefdc1e9079af984c58820cd69b54d8bd1c26180a17ea55f5b37d787087f2c,aabea78a707f16d64ea0929af0eb0aa6c7679f0dd184acebfae11f3967a0edf1
2_03/06.bmp,assets/builder/2_03/06.png,64,64,true,b70e30aec1362cf5b5e24949bb5153941b997678567292459a9eb44a403d5b75,24efed1526be9e633cb39de6c2f8fd7ca29d51e0de90720d2680d14e740e9046
2_03/07.bmp,assets/builder/2_03/07.png,64,64,true,87c7a4a7b219b74b1236f6f1e65af010409340315f67f998d4cb2c18d3644f38,eb5624d75b315e4671cbcfb14722b25496743faf266798e2cfc7bb8c97c9500d
2_03/60.bmp,assets/builder/2_03/60.png,64,64,true,95563f5d39c491ca2217616e53396b59d289016e690cddb0352e77acda395a5a,efee30c496adc99810cf912fd04b78186cc068955704e394d05ad398cd46b1a1
2_03/75.bmp,assets/builder/2_03/75.png,64,64,true,a5acb3c76a6d2ebfcd29b0dbf379d34fbe74284c2248000c1f793ab126156bd1,79ccca8a9069440768c93573f810a5482ed4ad9d9130cc98103b016b1b5a0364
2_04_30/09.bmp,assets/builder/2_04_30/09.png,64,64,true,577d7d40eaea33aecb023168e7db91d02798c787b27c5a8775a6a610e311d860,5064498d40e6cb0b9c59ddb2c324c1c55141f5cd3cded19ddc6f38f916ea3ac0
2_05_50/11.bmp,assets/builder/2_05_50/11.png,64,64,true,aeab5989b799ddb7e5b67a79ea99f7df1a0112d09d0e0a2bbcd183ab0c399578,6ab0ce80fe4f95d68c69fa578888efcac60d9e3e95864412c28b4fd9828f3f81
2_05_50/a-07.bmp,assets/builder/2_05_50/a-07.png,64,64,true,59d2d949c8cafaa4d1747bd7265cc77b0283ae2aabb9170db2670c83d8e3ebb4,988e6548f56b30e4d2c4e1a8997504cb05a177bb41240bd87504cb9f403d6e9f
3_01_50/35.bmp,assets/builder/3_01_50/35.png,64,64,true,edc0cbd238e8dae50e8a3d24babb40383b443be8f8c84172c96cbefacc4c6c79,4cc75df043a2a4e162d90ed66e63dc3a9b4c1a922aee544a127fb797f2cbf8b4
3_01_50/39.bmp,assets/builder/3_01_50/39.png,64,64,true,ca8cf3f5c85765d6f151f15925bf98a17798e517d4e28f0045fcc45b7417f933,31ccfca6dc52194b0ad67ac1bf03871584555c1bec7c848a12142ccdd9606b76
3_02_30/41.bmp,assets/builder/3_02_30/41.png,64,64,true,a7bc5d113e81c121fb4af5b24e96cc0e6ff739938941a134435b41aa52020d43,522c5996b08904c00a57fac10736712c21098b2897073a885be008a63757c9e5
3_03/32.bmp,assets/builder/3_03/32.png,64,64,true,b0d760a2193627ba8be5a0d3ce85f5590cde11cd8185a9eee37cc8ae2cee0a73,2d3e7b478917448aa6cb6c33719d014027f030432aad5dc393b911d3ce79e395
3_04_30/40.bmp,assets/builder/3_04_30/40.png,64,64,true,5577d5ad6e2585deb21ab87a3f51a5d317d93915cb4fb23aec635df8143d2d8a,775d26c181ba927e652cf069e4fd710e22f64ac22bf206772289c31667b0732a
3_05_50/37.bmp,assets/builder/3_05_50/37.png,64,64,true,f6627c0b0cd57545ee0870430a4303d5534d13fe2891639bf0cee89216a93c8b,49403c528d07058d189c5472be7593c3a4985f7c4b1af5771a088cdc7c98208a
3_05_50/38.bmp,assets/builder/3_05_50/38.png,64,64,true,ec1825feb50b1c37ea1461eeaa6653422ff77b991be80316aab3627af564ee73,c99ca2a9f63631e734dbf42105d6e90f07f185f665bd64d5fcb5493870805d88
4_02/34.bmp,assets/builder/4_02/34.png,64,64,true,384b5c21ca791b9a119a9335632928b321d810ce480127ae4ec4a05c6a935b9f,474598410476bdd4f0efd13d05f3e919ffd840672a3ac7e6ed31e5b16b3e5f47
4_02/46.bmp,assets/builder/4_02/46.png,64,64,true,b64e158db8cf65043dbdceeb9a1fe9b689237fc13e9f156b682b0f36508308d3,816bf8a4913609d42aa948e85df625322475a6a469e8a1a566a369396538600e
4_02/50.bmp,assets/builder/4_02/50.png,64,64,true,45eb2a7b658d8039bc03efa57bc6f4c01cc18bcea427e46dd172cefbec8cc91f,245377b63f1c35bb9a7acb448ea6db4fb25dd4d2ae56a75b191542bdf87e9960
4_02/b-04.bmp,assets/builder/4_02/b-04.png,64,64,true,5a85a20435b5afef0ac29e320e1f09e740e794dcee41d65bc7d8cada136893fb,94189a99c76af5847bd31cb2fc9b1dbe728eb332eddb8595ff7207d68e6de46d
4_03/33.bmp,assets/builder/4_03/33.png,64,64,true,290ad2b80804ad1677ae4c9198829d717ef21affeddc0d0781233d27087bbd32,98c109e33fc6385d49decd47831a8c480fb59402d8860a154621d62a2f2efad1
4_03/42.bmp,assets/builder/4_03/42.png,64,64,true,24dd193a110d3277951a615ca7f3496922e9bea7d264df425349fbff409be61e,d38666761a3907279dd80a28ccc91b9b7c148423abc6f2af1b74bee5cadb5286
4_03/43.bmp,assets/builder/4_03/43.png,64,64,true,b039d41ed8a83270d4b6d0692837597068c5d5db93da319780d6542ff57bf16c,d18812c814dea2faec1c98f93243872d9964fc073af1937112dc2e7afac91416
4_03/44.bmp,assets/builder/4_03/44.png,64,64,true,41de9f773aaa5386c4738ea76d95fd05bcdc25c00cfd44bcbcb23218e8a8c0bc,a6ac4b496f6c5525bf7c27e20a50b539eb38d1a07406a2582932aced98b64710
4_03/47.bmp,assets/builder/4_03/47.png,64,64,true,1471203491d4bc84853006b7edc4fddc3eae3598b5f92839a1aa0819b553c3aa,a8c94c5edfe8c7e858dfd67bf45de67ae34be611ba45f2d6511882c66929ba88
4_03/48.bmp,assets/builder/4_03/48.png,64,64,true,922e5ee8b04eb2663cd39761bd3a7ab7c4499324641e58f55f04558bb26727b1,eb5a811db9e8bd5bbc3d90a7dcc03ddecb6e068664735172b6d99b691f6374d2
4_03/49.bmp,assets/builder/4_03/49.png,64,64,true,29ea1cace6bbb94a64c97dbe0860fec38319258ddef698b5fead7d125ee69816,813d75935efd7e5078049b8342db130e5b965d0c1a890b66e8a6a2a6c56a9d2b
4_03/b-01.bmp,assets/builder/4_03/b-01.png,64,64,true,769f88d1e75487db5393449896f4571d945517906cb44e398ccc851b25782916,edfbfb695a70b9966181aeec91ba28579dd508e323aa5ec185bb3670a733412c
4_03/b-02.bmp,assets/builder/4_03/b-02.png,64,64,true,ca8f3b5a334fe81945d02e97758491c70b0efc5aaa863aa97e8c48ba4c2bacf4,14ca2359de7ffd4e4d74cf75355a33a22ac631eaa777ff6182912cc0b5093747
4_03/b-03.bmp,assets/builder/4_03/b-03.png,64,64,true,01c9cd6e643bf313a498203b5aab9b3f5e86782a0ce6a0dbbac4d6fe03d9897c,929ff4606ec03cd82c89524280a82392394a39d983d43c29019f9def59aa5345
4_03/b-06.bmp,assets/builder/4_03/b-06.png,64,64,true,404f5a8a72a21fa1eeb54f7ef190d9528f483f8adea37793ed2063a10dff7979,184396ae4a9abfcf0d41ed92470b308c43a1371017181d6e8308be35d224bb20
4_04/36.bmp,assets/builder/4_04/36.png,64,64,true,70e59fedc71d8aeacbf677f3e91b5e2bf798fd7f88349ef8d00bf68433c8ed97,5e06ad219c9ef0416b5f626e0dff8b8a3a0a835a26830f49b5f0a7a63328bb74
4_04/45.bmp,assets/builder/4_04/45.png,64,64,true,f189e72d0c9b23adb5c418e018b47d1574c2d303d1b669f75c2bd11ebf66b5e5,7029048a8264306bbd51c4d394870d67b63f262a5923df9b21b3e16b356af2e5
4_04/51.bmp,assets/builder/4_04/51.png,64,64,true,cc76128acfe5d6aeb6ef3328b539363c1adfab1beb7f3c228d5655ba4ac00506,d98e7f5f7e43d7c0b024a94721e2d2afca7478d58260bf2308c4b891ab2dea2a
4_04/b-05.bmp,assets/builder/4_04/b-05.png,64,64,true,92c120a3aad3297e835e7a5f39482aea33b666fb7a214ad5b9f9e7b09611f003,e53cd135f93c86734352f73c699ac041e79cd3e9a4276bf69a7aba203f3a2b12
