original_asset,original_sha256,distributed_asset,distributed_sha256,relation
start.jpg,49b49141b2303caf5789208812eb92f35edd4ab2a6915f56a206c765c18ce924,assets/ui/original/start.jpg,49b49141b2303caf5789208812eb92f35edd4ab2a6915f56a206c765c18ce924,byte-identical copy
start2.jpg,d1b44a7c9cc1250824bf3f771bcda204ee008525814a7b5f215ee1d2f09528da,assets/ui/original/start2.jpg,d1b44a7c9cc1250824bf3f771bcda204ee008525814a7b5f215ee1d2f09528da,byte-identical copy; countdown digit sheet
start3.jpg,d8a162902e3308dd1960201a130ceee01543c9b4a497fba537bb1c23a9e77363,assets/ui/original/start3.jpg,d8a162902e3308dd1960201a130ceee01543c9b4a497fba537bb1c23a9e77363,byte-identical copy; countdown label
game.jpg,a0018456a1ad35b98276d38f681644b2790b2c12f4592647496494cd9af40a70,assets/ui/original/game.jpg,a0018456a1ad35b98276d38f681644b2790b2c12f4592647496494cd9af40a70,byte-identical copy; 800x600 play background plus timer digit strip
game2.bmp,1403e9f63d16984e1c4950a21b215dcdbadebb7aacf5e7609165a41ecd5227d9,assets/ui/original/game2.png,7cd7fb40630cef9955a0a2b052c3c2b792e1c79129d0a3ebaa861c648ea9457b,lossless RGB conversion; Builder selector/palette sprite sheet
game3.bmp,64c5aca61a0a06add0e9c2360d49f22933694aa5c747b87012bfeacd8b992450,assets/ui/original/game3.png,19b5baf3a59bd0a33ef0f8ed4f25a56d0fe7ea9dd0d698524e97570c701bb945,RGB preserved; original black alpha-key converted to PNG transparency
error.bmp,07226f12a45a49c2ce11b29d86f9d792965959a7ea49e8826affc2006c9f3a21,assets/ui/original/error-x.png,4e0f6452ef51b45f31b7c1e6e42d12010394ddf3b5d9ec53839e2ac1e6d77a49,RGB preserved; original white alpha-key converted to PNG transparency
error2.bmp,2ead38b3a343704517b9d1db25a81992a671ae93ac7703318e5ac95d7fa62b55,assets/ui/original/error-shade.png,52fbe2dcafe1074e847f7b4d30f2c2c8222aadb32b6a707f94e06ab503545e31,RGB preserved; original black alpha-key converted to PNG transparency
error3.bmp,fb136dae7c54e64216f320681479a54c359e046cb3328b02802571b0fbd0876e,assets/ui/original/inactive-overlay.png,8ecff3fe56436a63e95d82e2a020ccf5676cbabe9f327550d64fbfb8b6716587,RGB preserved; original white alpha-key converted to PNG transparency
box.jpg,bf31ecdb419b1988ca592f6b802026b2a83178714855cf5993ff9590e0d291fd,assets/ui/original/box.jpg,bf31ecdb419b1988ca592f6b802026b2a83178714855cf5993ff9590e0d291fd,byte-identical copy; winner dialog background
