case,x,y,vx,vy,nativeX,nativeY,nativeVX,nativeVY
divider-left,0.620000,0.800000,1.000000,0.000000,0.636666656,0.799667895,1.000000000,-0.019925641
divider-left,0.620000,0.800000,2.000000,0.000000,0.653333306,0.799667895,2.000000000,-0.019925641
divider-left,0.620000,0.800000,4.000000,0.000000,0.686666608,0.799667895,4.000000000,-0.019925641
divider-left,0.620000,0.800000,6.000000,0.000000,0.683135569,0.799694002,-3.359999895,-0.013111925
divider-left,0.620000,0.800000,10.000000,0.000000,0.645802200,0.799728990,-5.599999905,-0.013111925
divider-left,0.650000,0.800000,1.000000,0.000000,0.666666627,0.799667895,1.000000000,-0.019925641
divider-left,0.650000,0.800000,2.000000,0.000000,0.683333337,0.799667895,2.000000000,-0.019925641
divider-left,0.650000,0.800000,4.000000,0.000000,0.685002208,0.799701393,-2.240000248,-0.013111925
divider-left,0.650000,0.800000,6.000000,0.000000,0.666335583,0.799728036,-3.359999895,-0.013111925
divider-left,0.650000,0.800000,10.000000,0.000000,0.629002213,0.799749434,-5.599999905,-0.013111925
divider-left,0.670000,0.800000,1.000000,0.000000,0.686666667,0.799667895,1.000000000,-0.019925641
divider-left,0.670000,0.800000,2.000000,0.000000,0.692468882,0.799689412,-1.120000124,-0.013111925
divider-left,0.670000,0.800000,4.000000,0.000000,0.673802197,0.799735427,-2.240000248,-0.013111925
divider-left,0.670000,0.800000,6.000000,0.000000,0.655135512,0.799750805,-3.359999895,-0.013111925
divider-left,0.670000,0.800000,10.000000,0.000000,0.617802203,0.799763083,-5.599999905,-0.013111925
divider-left,0.680000,0.800000,1.000000,0.000000,0.696666658,0.799667895,1.000000000,-0.019925641
divider-left,0.680000,0.800000,2.000000,0.000000,0.686868846,0.799723506,-1.120000124,-0.013111925
divider-left,0.680000,0.800000,4.000000,0.000000,0.668202221,0.799752533,-2.240000248,-0.013111925
divider-left,0.680000,0.800000,6.000000,0.000000,0.649535537,0.799762130,-3.359999895,-0.013111925
divider-left,0.680000,0.800000,10.000000,0.000000,0.612202227,0.799769938,-5.599999905,-0.013111925
divider-left,0.685000,0.800000,1.000000,0.000000,0.693402231,0.799699664,-0.560000062,-0.013111925
divider-left,0.685000,0.800000,2.000000,0.000000,0.684068918,0.799740553,-1.120000124,-0.013111925
divider-left,0.685000,0.800000,4.000000,0.000000,0.665402234,0.799760997,-2.240000248,-0.013111925
divider-left,0.685000,0.800000,6.000000,0.000000,0.646735549,0.799767852,-3.359999895,-0.013111925
divider-left,0.685000,0.800000,10.000000,0.000000,0.609402239,0.799773335,-5.599999905,-0.013111925
divider-left,0.690000,0.800000,1.000000,0.000000,0.690602183,0.799733758,-0.560000062,-0.013111925
divider-left,0.690000,0.800000,2.000000,0.000000,0.681268871,0.799757600,-1.120000124,-0.013111925
divider-left,0.690000,0.800000,4.000000,0.000000,0.662602246,0.799769521,-2.240000248,-0.013111925
divider-left,0.690000,0.800000,6.000000,0.000000,0.643935502,0.799773514,-3.359999895,-0.013111894
divider-left,0.690000,0.800000,10.000000,0.000000,0.606602252,0.799776733,-5.599999905,-0.013111925
divider-left,0.695000,0.800000,1.000000,0.000000,0.687802255,0.799767852,-0.560000062,-0.013111925
divider-left,0.695000,0.800000,2.000000,0.000000,0.678468883,0.799774647,-1.120000124,-0.013111925
divider-left,0.695000,0.800000,4.000000,0.000000,0.659802258,0.799778104,-2.240000248,-0.013111925
divider-left,0.695000,0.800000,6.000000,0.000000,0.641135573,0.799779177,-3.359999895,-0.013111925
divider-left,0.695000,0.800000,10.000000,0.000000,0.603802264,0.799780071,-5.599999905,-0.013111925
divider-right,0.735000,0.800000,-1.000000,0.000000,0.733104825,0.799851060,-0.313599974,-0.004144493
divider-right,0.735000,0.800000,-2.000000,0.000000,0.736852527,0.799914181,0.351231962,-0.001310006
divider-right,0.735000,0.800000,-4.000000,0.000000,0.734085083,0.799953580,0.220292658,-0.000130882
divider-right,0.735000,0.800000,-6.000000,0.000000,0.735920846,0.799968362,0.330439091,-0.000130883
divider-right,0.735000,0.800000,-10.000000,0.000000,0.734615445,0.799980521,-0.308409780,-0.000041032
divider-right,0.740000,0.800000,-1.000000,0.000000,0.733423352,0.799835086,-0.313599974,-0.004144466
divider-right,0.740000,0.800000,-2.000000,0.000000,0.736627221,0.799904704,0.351231962,-0.001305913
divider-right,0.740000,0.800000,-4.000000,0.000000,0.732919991,0.799948573,-0.393379778,-0.000414077
divider-right,0.740000,0.800000,-6.000000,0.000000,0.735864878,0.799964905,0.330439091,-0.000130880
divider-right,0.740000,0.800000,-10.000000,0.000000,0.734621286,0.799978435,-0.308409780,-0.000041162
divider-right,0.745000,0.800000,-1.000000,0.000000,0.733429432,0.799834669,-0.313599974,-0.004144493
divider-right,0.745000,0.800000,-2.000000,0.000000,0.736670792,0.799904466,0.351231962,-0.001310015
divider-right,0.745000,0.800000,-4.000000,0.000000,0.732921958,0.799948394,-0.393379778,-0.000414073
divider-right,0.745000,0.800000,-6.000000,0.000000,0.735863864,0.799964905,0.330439091,-0.000130881
divider-right,0.745000,0.800000,-10.000000,0.000000,0.734595656,0.799978435,-0.308409780,-0.000041371
above-tip,0.685000,1.140000,1.000000,0.000000,0.701666653,1.139667869,1.000000000,-0.019925641
above-tip,0.685000,1.140000,2.000000,0.000000,0.718333364,1.139667869,2.000000000,-0.019925641
above-tip,0.685000,1.140000,4.000000,0.000000,0.723812878,1.136218309,-2.154542446,-0.774596989
above-tip,0.685000,1.140000,6.000000,0.000000,0.705827892,1.129893422,-3.233076096,-1.155873299
above-tip,0.685000,1.140000,10.000000,0.000000,0.669869184,1.117208123,-5.390148640,-1.918410063
above-tip,0.685000,1.160000,1.000000,0.000000,0.701666653,1.159667850,1.000000000,-0.019925641
above-tip,0.685000,1.160000,2.000000,0.000000,0.718333364,1.159667850,2.000000000,-0.019925641
above-tip,0.685000,1.160000,4.000000,0.000000,0.718538880,1.154166698,-2.071233273,-1.018279552
above-tip,0.685000,1.160000,6.000000,0.000000,0.701236427,1.145805120,-3.108711481,-1.521620035
above-tip,0.685000,1.160000,10.000000,0.000000,0.666687369,1.129078984,-5.183944702,-2.526652813
above-tip,0.685000,1.200000,1.000000,0.000000,0.701666653,1.199667931,1.000000000,-0.019925641
above-tip,0.685000,1.200000,2.000000,0.000000,0.718333364,1.199667931,2.000000000,-0.019925641
above-tip,0.685000,1.200000,4.000000,0.000000,0.703577578,1.185569763,-1.672658682,-1.672643900
above-tip,0.685000,1.200000,6.000000,0.000000,0.689608991,1.171738148,-2.512521505,-2.504041195
above-tip,0.685000,1.200000,10.000000,0.000000,0.661573172,1.143984556,-4.191306114,-4.169688702
ceiling,0.380000,1.350000,0.000000,1.000000,0.379999995,1.366334558,0.000000000,0.980074406
ceiling,0.380000,1.350000,0.000000,2.000000,0.379999995,1.372654796,0.000000000,-1.108841658
ceiling,0.380000,1.350000,0.000000,4.000000,0.379999965,1.353988171,0.000000000,-2.228841305
ceiling,0.380000,1.350000,0.000000,6.000000,0.380000025,1.335321665,0.000000000,-3.348841190
ceiling,0.380000,1.350000,0.000000,10.000000,0.380000025,1.297988176,0.000000000,-5.588841915
ceiling,0.380000,1.360000,0.000000,1.000000,0.379999995,1.376334548,0.000000000,0.980074406
ceiling,0.380000,1.360000,0.000000,2.000000,0.379999995,1.367054820,0.000000000,-1.108841658
ceiling,0.380000,1.360000,0.000000,4.000000,0.380000025,1.348388195,0.000000000,-2.228841305
ceiling,0.380000,1.360000,0.000000,6.000000,0.380000025,1.329721689,0.000000000,-3.348841190
ceiling,0.380000,1.360000,0.000000,10.000000,0.379999995,1.292388201,0.000000000,-5.588841915
ceiling,0.380000,1.370000,0.000000,1.000000,0.379999995,1.370788336,0.000000000,-0.548841655
ceiling,0.380000,1.370000,0.000000,2.000000,0.380000025,1.361454964,0.000000000,-1.108841658
ceiling,0.380000,1.370000,0.000000,4.000000,0.379999995,1.342788100,0.000000000,-2.228841305
ceiling,0.380000,1.370000,0.000000,6.000000,0.379999995,1.324121594,0.000000000,-3.348841190
ceiling,0.380000,1.370000,0.000000,10.000000,0.379999995,1.286788225,0.000000000,-5.588841915
right-wall,0.733600,0.800000,1.000000,0.000000,0.736456037,0.799828947,0.313599974,-0.004144493
right-wall,0.733600,0.800000,2.000000,0.000000,0.733393312,0.799901128,-0.351231962,-0.001310015
right-wall,0.733600,0.800000,4.000000,0.000000,0.737027586,0.799946547,0.393379778,-0.000411979
right-wall,0.733600,0.800000,6.000000,0.000000,0.734156132,0.799963713,-0.330439091,-0.000130882
right-wall,0.733600,0.800000,10.000000,0.000000,0.735388339,0.799977779,0.308409780,-0.000041161
right-wall,0.735000,0.800000,1.000000,0.000000,0.736895084,0.799851060,0.313599974,-0.004144466
right-wall,0.735000,0.800000,2.000000,0.000000,0.733162224,0.799913824,-0.351231962,-0.001305913
right-wall,0.735000,0.800000,4.000000,0.000000,0.735914886,0.799953580,-0.220292658,-0.000130883
right-wall,0.735000,0.800000,6.000000,0.000000,0.734105289,0.799968362,-0.330439091,-0.000130221
right-wall,0.735000,0.800000,10.000000,0.000000,0.735421419,0.799980521,0.308409780,-0.000041161
right-wall,0.736000,0.800000,1.000000,0.000000,0.735718310,0.799887538,-0.175615981,-0.001311373
right-wall,0.736000,0.800000,2.000000,0.000000,0.734101176,0.799933374,0.196689889,-0.000414502
right-wall,0.736000,0.800000,4.000000,0.000000,0.735817850,0.799963593,-0.220292658,-0.000130359
right-wall,0.736000,0.800000,6.000000,0.000000,0.733967423,0.799975038,-0.330439091,-0.000131017
right-wall,0.736000,0.800000,10.000000,0.000000,0.735483825,0.799984515,0.308409780,-0.000041204
