frame,seq,event,label,id,value,score
7,0,CONTACT_BEGIN,ground,0,0,0
8,0,CONTACT_END,ground,0,0,0
11,0,CONTACT_BEGIN,ground,0,0,0
12,0,PLUNGE,ball,0,1,0
13,0,CONTACT_END,ground,0,0,0
56,0,CONTACT_BEGIN,top-right-1,0,0,0
56,1,CONTACT_BEGIN,top-right-2,0,0,0
56,2,CONTACT_BEGIN,top-right-3,0,0,0
57,0,CONTACT_END,top-right-1,0,0,0
57,1,CONTACT_END,top-right-2,0,0,0
57,2,CONTACT_END,top-right-3,0,0,0
57,3,FLIPPER_CONTACT_BEGIN,flipper-left:poly-vs-left-flipper-corner,0,0,0
58,0,FLIPPER_CONTACT_END,flipper-left:poly-vs-left-flipper-corner,0,0,0
58,1,FLIPPER_CONTACT_BEGIN,flipper-left:poly-vs-left-flipper-corner,0,0,0
61,0,CONTACT_BEGIN,top-right-8,0,0,0
61,1,CONTACT_BEGIN,top-right-7,0,0,0
62,0,CONTACT_END,top-right-8,0,0,0
62,1,CONTACT_END,top-right-7,0,0,0
62,2,FLIPPER_CONTACT_END,flipper-left:poly-vs-left-flipper-corner,0,0,0
67,0,CONTACT_BEGIN,top-right-13,0,0,0
68,0,CONTACT_BEGIN,top-right-14,0,0,0
69,0,CONTACT_BEGIN,top-right-15,0,0,0
69,1,CONTACT_END,top-right-13,0,0,0
69,2,FLIPPER_CONTACT_BEGIN,flipper-right:poly-vs-right-flipper-corner,0,0,0
70,0,CONTACT_END,top-right-14,0,0,0
70,1,FLIPPER_CONTACT_END,flipper-right:poly-vs-right-flipper-corner,0,0,0
70,2,FLIPPER_CONTACT_BEGIN,flipper-right:poly-vs-right-flipper-corner,0,0,0
71,0,CONTACT_BEGIN,top-right-16,0,0,0
71,1,CONTACT_END,top-right-15,0,0,0
72,0,CONTACT_BEGIN,top-right-17,0,0,0
73,0,CONTACT_END,top-right-16,0,0,0
74,0,CONTACT_END,top-right-17,0,0,0
74,1,CONTACT_BEGIN,top-right-18,0,0,0
74,2,FLIPPER_CONTACT_END,flipper-right:poly-vs-right-flipper-corner,0,0,0
75,0,CONTACT_BEGIN,top-right-19,0,0,0
76,0,CONTACT_END,top-right-18,0,0,0
77,0,CONTACT_END,top-right-19,0,0,0
87,0,FLIPPER_CONTACT_BEGIN,flipper-left:poly-vs-left-flipper-corner,0,0,0
88,0,FLIPPER_CONTACT_END,flipper-left:poly-vs-left-flipper-corner,0,0,0
88,1,FLIPPER_CONTACT_BEGIN,flipper-left:poly-vs-left-flipper-corner,0,0,0
91,0,FLIPPER_CONTACT_END,flipper-left:poly-vs-left-flipper-corner,0,0,0
93,0,FLIPPER_CONTACT_BEGIN,flipper-right:poly-vs-right-flipper-corner,0,0,0
94,0,FLIPPER_CONTACT_END,flipper-right:poly-vs-right-flipper-corner,0,0,0
94,1,FLIPPER_CONTACT_BEGIN,flipper-right:poly-vs-right-flipper-corner,0,0,0
97,0,FLIPPER_CONTACT_END,flipper-right:poly-vs-right-flipper-corner,0,0,0
133,0,CONTACT_BEGIN,obstacle:7,7,0,0
134,0,CONTACT_END,obstacle:7,7,0,0
153,0,FLIPPER_CONTACT_BEGIN,flipper-left:poly-vs-left-flipper-corner,0,0,0
154,0,FLIPPER_CONTACT_END,flipper-left:poly-vs-left-flipper-corner,0,0,0
154,1,FLIPPER_CONTACT_BEGIN,flipper-left:poly-vs-left-flipper-corner,0,0,0
158,0,FLIPPER_CONTACT_END,flipper-left:poly-vs-left-flipper-corner,0,0,0
165,0,FLIPPER_CONTACT_BEGIN,flipper-right:poly-vs-right-flipper-corner,0,0,0
166,0,FLIPPER_CONTACT_END,flipper-right:poly-vs-right-flipper-corner,0,0,0
166,1,FLIPPER_CONTACT_BEGIN,flipper-right:poly-vs-right-flipper-corner,0,0,0
170,0,FLIPPER_CONTACT_END,flipper-right:poly-vs-right-flipper-corner,0,0,0
182,0,CONTACT_BEGIN,sling-corner:5,5,0,0
182,1,CONTACT_BEGIN,sling-reactive:5,5,0,0
183,0,CONTACT_END,sling-reactive:5,5,0,0
183,1,HIT,sling-reactive:5,5,5,5
183,2,CONTACT_END,sling-corner:5,5,0,5
183,3,FLIPPER_CONTACT_BEGIN,flipper-left:poly-vs-left-flipper-corner,0,0,5
184,0,FLIPPER_CONTACT_END,flipper-left:poly-vs-left-flipper-corner,0,0,5
184,1,FLIPPER_CONTACT_BEGIN,flipper-left:poly-vs-left-flipper-corner,0,0,5
187,0,FLIPPER_CONTACT_END,flipper-left:poly-vs-left-flipper-corner,0,0,5
189,0,FLIPPER_CONTACT_BEGIN,flipper-right:poly-vs-right-flipper-corner,0,0,5
190,0,FLIPPER_CONTACT_END,flipper-right:poly-vs-right-flipper-corner,0,0,5
190,1,FLIPPER_CONTACT_BEGIN,flipper-right:poly-vs-right-flipper-corner,0,0,5
193,0,FLIPPER_CONTACT_END,flipper-right:poly-vs-right-flipper-corner,0,0,5
228,0,CONTACT_BEGIN,obstacle:7,7,0,5
229,0,CONTACT_END,obstacle:7,7,0,5
249,0,FLIPPER_CONTACT_BEGIN,flipper-left:poly-vs-left-flipper-corner,0,0,5
250,0,FLIPPER_CONTACT_END,flipper-left:poly-vs-left-flipper-corner,0,0,5
250,1,FLIPPER_CONTACT_BEGIN,flipper-left:poly-vs-left-flipper-corner,0,0,5
254,0,FLIPPER_CONTACT_END,flipper-left:poly-vs-left-flipper-corner,0,0,5
261,0,FLIPPER_CONTACT_BEGIN,flipper-right:poly-vs-right-flipper-corner,0,0,5
262,0,FLIPPER_CONTACT_END,flipper-right:poly-vs-right-flipper-corner,0,0,5
262,1,FLIPPER_CONTACT_BEGIN,flipper-right:poly-vs-right-flipper-corner,0,0,5
266,0,FLIPPER_CONTACT_END,flipper-right:poly-vs-right-flipper-corner,0,0,5
279,0,FLIPPER_CONTACT_BEGIN,flipper-left:poly-vs-left-flipper-corner,0,0,5
280,0,FLIPPER_CONTACT_END,flipper-left:poly-vs-left-flipper-corner,0,0,5
280,1,FLIPPER_CONTACT_BEGIN,flipper-left:poly-vs-left-flipper-corner,0,0,5
283,0,FLIPPER_CONTACT_END,flipper-left:poly-vs-left-flipper-corner,0,0,5
285,0,FLIPPER_CONTACT_BEGIN,flipper-right:poly-vs-right-flipper-corner,0,0,5
286,0,FLIPPER_CONTACT_END,flipper-right:poly-vs-right-flipper-corner,0,0,5
286,1,FLIPPER_CONTACT_BEGIN,flipper-right:poly-vs-right-flipper-corner,0,0,5
289,0,FLIPPER_CONTACT_END,flipper-right:poly-vs-right-flipper-corner,0,0,5
305,0,CONTACT_BEGIN,sling-reactive:9,9,0,5
305,1,CONTACT_BEGIN,sling-corner:9,9,0,5
306,0,CONTACT_END,sling-corner:9,9,0,5
306,1,CONTACT_END,sling-reactive:9,9,0,5
306,2,HIT,sling-reactive:9,9,0,5
317,0,CONTACT_BEGIN,left-wall,0,0,5
318,0,CONTACT_END,left-wall,0,0,5
345,0,FLIPPER_CONTACT_BEGIN,flipper-left:poly-vs-left-flipper-corner,0,0,5
346,0,FLIPPER_CONTACT_END,flipper-left:poly-vs-left-flipper-corner,0,0,5
346,1,FLIPPER_CONTACT_BEGIN,flipper-left:poly-vs-left-flipper-corner,0,0,5
350,0,FLIPPER_CONTACT_END,flipper-left:poly-vs-left-flipper-corner,0,0,5
357,0,FLIPPER_CONTACT_BEGIN,flipper-right:poly-vs-right-flipper-corner,0,0,5
358,0,FLIPPER_CONTACT_END,flipper-right:poly-vs-right-flipper-corner,0,0,5
358,1,FLIPPER_CONTACT_BEGIN,flipper-right:poly-vs-right-flipper-corner,0,0,5
362,0,FLIPPER_CONTACT_END,flipper-right:poly-vs-right-flipper-corner,0,0,5
370,0,CONTACT_BEGIN,sling-reactive:5,5,0,5
371,0,CONTACT_END,sling-reactive:5,5,0,5
371,1,HIT,sling-reactive:5,5,5,10
375,0,FLIPPER_CONTACT_BEGIN,flipper-left:poly-vs-left-flipper-corner,0,0,10
376,0,FLIPPER_CONTACT_END,flipper-left:poly-vs-left-flipper-corner,0,0,10
376,1,FLIPPER_CONTACT_BEGIN,flipper-left:poly-vs-left-flipper-corner,0,0,10
379,0,FLIPPER_CONTACT_END,flipper-left:poly-vs-left-flipper-corner,0,0,10
380,0,CONTACT_BEGIN,obstacle:8,8,0,10
381,0,CONTACT_END,obstacle:8,8,0,10
381,1,FLIPPER_CONTACT_BEGIN,flipper-right:poly-vs-right-flipper-corner,0,0,10
382,0,FLIPPER_CONTACT_END,flipper-right:poly-vs-right-flipper-corner,0,0,10
382,1,FLIPPER_CONTACT_BEGIN,flipper-right:poly-vs-right-flipper-corner,0,0,10
385,0,FLIPPER_CONTACT_END,flipper-right:poly-vs-right-flipper-corner,0,0,10
402,0,CONTACT_BEGIN,flipper-right:pivot,0,0,10
402,1,CONTACT_BEGIN,flipper-right:poly,0,0,10
403,0,CONTACT_END,flipper-right:pivot,0,0,10
403,1,CONTACT_END,flipper-right:poly,0,0,10
434,0,CONTACT_BEGIN,flipper-right:poly,0,0,10
435,0,CONTACT_END,flipper-right:poly,0,0,10
441,0,FLIPPER_CONTACT_BEGIN,flipper-left:poly-vs-left-flipper-corner,0,0,10
442,0,CONTACT_BEGIN,flipper-right:poly,0,0,10
442,1,FLIPPER_CONTACT_END,flipper-left:poly-vs-left-flipper-corner,0,0,10
442,2,FLIPPER_CONTACT_BEGIN,flipper-left:poly-vs-left-flipper-corner,0,0,10
446,0,FLIPPER_CONTACT_END,flipper-left:poly-vs-left-flipper-corner,0,0,10
451,0,CONTACT_END,flipper-right:poly,0,0,10
453,0,FLIPPER_CONTACT_BEGIN,flipper-right:poly-vs-right-flipper-corner,0,0,10
454,0,FLIPPER_CONTACT_END,flipper-right:poly-vs-right-flipper-corner,0,0,10
455,0,FLIPPER_CONTACT_BEGIN,flipper-right:poly-vs-right-flipper-corner,0,0,10
456,0,FLIPPER_CONTACT_END,flipper-right:poly-vs-right-flipper-corner,0,0,10
457,0,CONTACT_BEGIN,sling-reactive:4,4,0,10
458,0,CONTACT_END,sling-reactive:4,4,0,10
458,1,HIT,sling-reactive:4,4,5,15
471,0,FLIPPER_CONTACT_BEGIN,flipper-left:poly-vs-left-flipper-corner,0,0,15
472,0,FLIPPER_CONTACT_END,flipper-left:poly-vs-left-flipper-corner,0,0,15
472,1,FLIPPER_CONTACT_BEGIN,flipper-left:poly-vs-left-flipper-corner,0,0,15
475,0,FLIPPER_CONTACT_END,flipper-left:poly-vs-left-flipper-corner,0,0,15
475,1,CONTACT_BEGIN,obstacle:7,7,0,15
476,0,CONTACT_END,obstacle:7,7,0,15
477,0,FLIPPER_CONTACT_BEGIN,flipper-right:poly-vs-right-flipper-corner,0,0,15
478,0,FLIPPER_CONTACT_END,flipper-right:poly-vs-right-flipper-corner,0,0,15
478,1,FLIPPER_CONTACT_BEGIN,flipper-right:poly-vs-right-flipper-corner,0,0,15
481,0,FLIPPER_CONTACT_END,flipper-right:poly-vs-right-flipper-corner,0,0,15
490,0,CONTACT_BEGIN,sling-reactive:9,9,0,15
490,1,CONTACT_BEGIN,sling-corner:9,9,0,15
490,2,CONTACT_BEGIN,sling-corner:10,10,0,15
491,0,CONTACT_END,sling-reactive:9,9,0,15
491,1,HIT,sling-reactive:9,9,0,15
491,2,CONTACT_END,sling-corner:9,9,0,15
491,3,CONTACT_END,sling-corner:10,10,0,15
504,0,CONTACT_BEGIN,left-wall,0,0,15
505,0,CONTACT_END,left-wall,0,0,15
537,0,FLIPPER_CONTACT_BEGIN,flipper-left:poly-vs-left-flipper-corner,0,0,15
538,0,FLIPPER_CONTACT_END,flipper-left:poly-vs-left-flipper-corner,0,0,15
538,1,FLIPPER_CONTACT_BEGIN,flipper-left:poly-vs-left-flipper-corner,0,0,15
542,0,FLIPPER_CONTACT_END,flipper-left:poly-vs-left-flipper-corner,0,0,15
549,0,FLIPPER_CONTACT_BEGIN,flipper-right:poly-vs-right-flipper-corner,0,0,15
550,0,FLIPPER_CONTACT_END,flipper-right:poly-vs-right-flipper-corner,0,0,15
550,1,FLIPPER_CONTACT_BEGIN,flipper-right:poly-vs-right-flipper-corner,0,0,15
554,0,FLIPPER_CONTACT_END,flipper-right:poly-vs-right-flipper-corner,0,0,15
556,0,CONTACT_BEGIN,plunger-tube,0,0,15
557,0,CONTACT_END,plunger-tube,0,0,15
567,0,FLIPPER_CONTACT_BEGIN,flipper-left:poly-vs-left-flipper-corner,0,0,15
568,0,FLIPPER_CONTACT_END,flipper-left:poly-vs-left-flipper-corner,0,0,15
568,1,FLIPPER_CONTACT_BEGIN,flipper-left:poly-vs-left-flipper-corner,0,0,15
571,0,FLIPPER_CONTACT_END,flipper-left:poly-vs-left-flipper-corner,0,0,15
573,0,FLIPPER_CONTACT_BEGIN,flipper-right:poly-vs-right-flipper-corner,0,0,15
574,0,FLIPPER_CONTACT_END,flipper-right:poly-vs-right-flipper-corner,0,0,15
574,1,FLIPPER_CONTACT_BEGIN,flipper-right:poly-vs-right-flipper-corner,0,0,15
577,0,FLIPPER_CONTACT_END,flipper-right:poly-vs-right-flipper-corner,0,0,15
592,0,CONTACT_BEGIN,flipper-right:poly,0,0,15
593,0,CONTACT_END,flipper-right:poly,0,0,15
602,0,CONTACT_BEGIN,drain,0,0,15
602,1,DRAIN,drain,0,1,15
603,0,CONTACT_BEGIN,ground,0,0,15
605,0,CONTACT_END,ground,0,0,15
614,0,RESET,ball,0,2,15
614,1,CONTACT_END,drain,0,0,15
621,0,CONTACT_BEGIN,ground,0,0,15
622,0,CONTACT_END,ground,0,0,15
625,0,CONTACT_BEGIN,ground,0,0,15
626,0,PLUNGE,ball,0,2,15
627,0,CONTACT_END,ground,0,0,15
670,0,CONTACT_BEGIN,top-right-1,0,0,15
670,1,CONTACT_BEGIN,top-right-2,0,0,15
670,2,CONTACT_BEGIN,top-right-3,0,0,15
671,0,CONTACT_END,top-right-1,0,0,15
671,1,CONTACT_END,top-right-2,0,0,15
671,2,CONTACT_END,top-right-3,0,0,15
671,3,FLIPPER_CONTACT_BEGIN,flipper-left:poly-vs-left-flipper-corner,0,0,15
672,0,FLIPPER_CONTACT_END,flipper-left:poly-vs-left-flipper-corner,0,0,15
672,1,FLIPPER_CONTACT_BEGIN,flipper-left:poly-vs-left-flipper-corner,0,0,15
675,0,CONTACT_BEGIN,top-right-8,0,0,15
675,1,CONTACT_BEGIN,top-right-7,0,0,15
676,0,CONTACT_END,top-right-8,0,0,15
676,1,CONTACT_END,top-right-7,0,0,15
676,2,FLIPPER_CONTACT_END,flipper-left:poly-vs-left-flipper-corner,0,0,15
681,0,CONTACT_BEGIN,top-right-13,0,0,15
682,0,CONTACT_BEGIN,top-right-14,0,0,15
683,0,CONTACT_BEGIN,top-right-15,0,0,15
683,1,CONTACT_END,top-right-13,0,0,15
683,2,FLIPPER_CONTACT_BEGIN,flipper-right:poly-vs-right-flipper-corner,0,0,15
684,0,CONTACT_END,top-right-14,0,0,15
684,1,FLIPPER_CONTACT_END,flipper-right:poly-vs-right-flipper-corner,0,0,15
684,2,FLIPPER_CONTACT_BEGIN,flipper-right:poly-vs-right-flipper-corner,0,0,15
685,0,CONTACT_BEGIN,top-right-16,0,0,15
685,1,CONTACT_END,top-right-15,0,0,15
686,0,CONTACT_BEGIN,top-right-17,0,0,15
687,0,CONTACT_END,top-right-16,0,0,15
688,0,CONTACT_END,top-right-17,0,0,15
688,1,CONTACT_BEGIN,top-right-18,0,0,15
688,2,FLIPPER_CONTACT_END,flipper-right:poly-vs-right-flipper-corner,0,0,15
689,0,CONTACT_BEGIN,top-right-19,0,0,15
690,0,CONTACT_END,top-right-18,0,0,15
691,0,CONTACT_END,top-right-19,0,0,15
701,0,FLIPPER_CONTACT_BEGIN,flipper-left:poly-vs-left-flipper-corner,0,0,15
702,0,FLIPPER_CONTACT_END,flipper-left:poly-vs-left-flipper-corner,0,0,15
702,1,FLIPPER_CONTACT_BEGIN,flipper-left:poly-vs-left-flipper-corner,0,0,15
705,0,FLIPPER_CONTACT_END,flipper-left:poly-vs-left-flipper-corner,0,0,15
707,0,FLIPPER_CONTACT_BEGIN,flipper-right:poly-vs-right-flipper-corner,0,0,15
708,0,FLIPPER_CONTACT_END,flipper-right:poly-vs-right-flipper-corner,0,0,15
708,1,FLIPPER_CONTACT_BEGIN,flipper-right:poly-vs-right-flipper-corner,0,0,15
711,0,FLIPPER_CONTACT_END,flipper-right:poly-vs-right-flipper-corner,0,0,15
747,0,CONTACT_BEGIN,obstacle:7,7,0,15
748,0,CONTACT_END,obstacle:7,7,0,15
767,0,FLIPPER_CONTACT_BEGIN,flipper-left:poly-vs-left-flipper-corner,0,0,15
768,0,FLIPPER_CONTACT_END,flipper-left:poly-vs-left-flipper-corner,0,0,15
768,1,FLIPPER_CONTACT_BEGIN,flipper-left:poly-vs-left-flipper-corner,0,0,15
772,0,FLIPPER_CONTACT_END,flipper-left:poly-vs-left-flipper-corner,0,0,15
779,0,FLIPPER_CONTACT_BEGIN,flipper-right:poly-vs-right-flipper-corner,0,0,15
780,0,FLIPPER_CONTACT_END,flipper-right:poly-vs-right-flipper-corner,0,0,15
780,1,FLIPPER_CONTACT_BEGIN,flipper-right:poly-vs-right-flipper-corner,0,0,15
784,0,FLIPPER_CONTACT_END,flipper-right:poly-vs-right-flipper-corner,0,0,15
796,0,CONTACT_BEGIN,sling-corner:5,5,0,15
796,1,CONTACT_BEGIN,sling-reactive:5,5,0,15
797,0,CONTACT_END,sling-reactive:5,5,0,15
797,1,HIT,sling-reactive:5,5,5,20
797,2,CONTACT_END,sling-corner:5,5,0,20
797,3,FLIPPER_CONTACT_BEGIN,flipper-left:poly-vs-left-flipper-corner,0,0,20
798,0,FLIPPER_CONTACT_END,flipper-left:poly-vs-left-flipper-corner,0,0,20
798,1,FLIPPER_CONTACT_BEGIN,flipper-left:poly-vs-left-flipper-corner,0,0,20
801,0,FLIPPER_CONTACT_END,flipper-left:poly-vs-left-flipper-corner,0,0,20
803,0,FLIPPER_CONTACT_BEGIN,flipper-right:poly-vs-right-flipper-corner,0,0,20
804,0,FLIPPER_CONTACT_END,flipper-right:poly-vs-right-flipper-corner,0,0,20
804,1,FLIPPER_CONTACT_BEGIN,flipper-right:poly-vs-right-flipper-corner,0,0,20
807,0,FLIPPER_CONTACT_END,flipper-right:poly-vs-right-flipper-corner,0,0,20
842,0,CONTACT_BEGIN,obstacle:7,7,0,20
843,0,CONTACT_END,obstacle:7,7,0,20
863,0,FLIPPER_CONTACT_BEGIN,flipper-left:poly-vs-left-flipper-corner,0,0,20
864,0,FLIPPER_CONTACT_END,flipper-left:poly-vs-left-flipper-corner,0,0,20
864,1,FLIPPER_CONTACT_BEGIN,flipper-left:poly-vs-left-flipper-corner,0,0,20
868,0,FLIPPER_CONTACT_END,flipper-left:poly-vs-left-flipper-corner,0,0,20
875,0,FLIPPER_CONTACT_BEGIN,flipper-right:poly-vs-right-flipper-corner,0,0,20
876,0,FLIPPER_CONTACT_END,flipper-right:poly-vs-right-flipper-corner,0,0,20
876,1,FLIPPER_CONTACT_BEGIN,flipper-right:poly-vs-right-flipper-corner,0,0,20
880,0,FLIPPER_CONTACT_END,flipper-right:poly-vs-right-flipper-corner,0,0,20
893,0,FLIPPER_CONTACT_BEGIN,flipper-left:poly-vs-left-flipper-corner,0,0,20
894,0,FLIPPER_CONTACT_END,flipper-left:poly-vs-left-flipper-corner,0,0,20
894,1,FLIPPER_CONTACT_BEGIN,flipper-left:poly-vs-left-flipper-corner,0,0,20
897,0,FLIPPER_CONTACT_END,flipper-left:poly-vs-left-flipper-corner,0,0,20
899,0,FLIPPER_CONTACT_BEGIN,flipper-right:poly-vs-right-flipper-corner,0,0,20
900,0,FLIPPER_CONTACT_END,flipper-right:poly-vs-right-flipper-corner,0,0,20
900,1,FLIPPER_CONTACT_BEGIN,flipper-right:poly-vs-right-flipper-corner,0,0,20
903,0,FLIPPER_CONTACT_END,flipper-right:poly-vs-right-flipper-corner,0,0,20
919,0,CONTACT_BEGIN,sling-reactive:9,9,0,20
919,1,CONTACT_BEGIN,sling-corner:9,9,0,20
920,0,CONTACT_END,sling-corner:9,9,0,20
920,1,CONTACT_END,sling-reactive:9,9,0,20
920,2,HIT,sling-reactive:9,9,0,20
931,0,CONTACT_BEGIN,left-wall,0,0,20
932,0,CONTACT_END,left-wall,0,0,20
959,0,FLIPPER_CONTACT_BEGIN,flipper-left:poly-vs-left-flipper-corner,0,0,20
960,0,FLIPPER_CONTACT_END,flipper-left:poly-vs-left-flipper-corner,0,0,20
960,1,FLIPPER_CONTACT_BEGIN,flipper-left:poly-vs-left-flipper-corner,0,0,20
964,0,FLIPPER_CONTACT_END,flipper-left:poly-vs-left-flipper-corner,0,0,20
971,0,FLIPPER_CONTACT_BEGIN,flipper-right:poly-vs-right-flipper-corner,0,0,20
972,0,FLIPPER_CONTACT_END,flipper-right:poly-vs-right-flipper-corner,0,0,20
972,1,FLIPPER_CONTACT_BEGIN,flipper-right:poly-vs-right-flipper-corner,0,0,20
976,0,FLIPPER_CONTACT_END,flipper-right:poly-vs-right-flipper-corner,0,0,20
984,0,CONTACT_BEGIN,sling-reactive:5,5,0,20
985,0,CONTACT_END,sling-reactive:5,5,0,20
985,1,HIT,sling-reactive:5,5,5,25
989,0,FLIPPER_CONTACT_BEGIN,flipper-left:poly-vs-left-flipper-corner,0,0,25
990,0,FLIPPER_CONTACT_END,flipper-left:poly-vs-left-flipper-corner,0,0,25
990,1,FLIPPER_CONTACT_BEGIN,flipper-left:poly-vs-left-flipper-corner,0,0,25
993,0,FLIPPER_CONTACT_END,flipper-left:poly-vs-left-flipper-corner,0,0,25
994,0,CONTACT_BEGIN,obstacle:8,8,0,25
995,0,CONTACT_END,obstacle:8,8,0,25
995,1,FLIPPER_CONTACT_BEGIN,flipper-right:poly-vs-right-flipper-corner,0,0,25
996,0,FLIPPER_CONTACT_END,flipper-right:poly-vs-right-flipper-corner,0,0,25
996,1,FLIPPER_CONTACT_BEGIN,flipper-right:poly-vs-right-flipper-corner,0,0,25
999,0,FLIPPER_CONTACT_END,flipper-right:poly-vs-right-flipper-corner,0,0,25
1016,0,CONTACT_BEGIN,flipper-right:pivot,0,0,25
1016,1,CONTACT_BEGIN,flipper-right:poly,0,0,25
1017,0,CONTACT_END,flipper-right:pivot,0,0,25
1017,1,CONTACT_END,flipper-right:poly,0,0,25
1048,0,CONTACT_BEGIN,flipper-right:poly,0,0,25
1049,0,CONTACT_END,flipper-right:poly,0,0,25
1055,0,FLIPPER_CONTACT_BEGIN,flipper-left:poly-vs-left-flipper-corner,0,0,25
1056,0,CONTACT_BEGIN,flipper-right:poly,0,0,25
1056,1,FLIPPER_CONTACT_END,flipper-left:poly-vs-left-flipper-corner,0,0,25
1056,2,FLIPPER_CONTACT_BEGIN,flipper-left:poly-vs-left-flipper-corner,0,0,25
1060,0,FLIPPER_CONTACT_END,flipper-left:poly-vs-left-flipper-corner,0,0,25
1065,0,CONTACT_END,flipper-right:poly,0,0,25
1067,0,FLIPPER_CONTACT_BEGIN,flipper-right:poly-vs-right-flipper-corner,0,0,25
1068,0,FLIPPER_CONTACT_END,flipper-right:poly-vs-right-flipper-corner,0,0,25
1069,0,FLIPPER_CONTACT_BEGIN,flipper-right:poly-vs-right-flipper-corner,0,0,25
1070,0,FLIPPER_CONTACT_END,flipper-right:poly-vs-right-flipper-corner,0,0,25
1071,0,CONTACT_BEGIN,sling-reactive:4,4,0,25
1072,0,CONTACT_END,sling-reactive:4,4,0,25
1072,1,HIT,sling-reactive:4,4,5,30
1085,0,FLIPPER_CONTACT_BEGIN,flipper-left:poly-vs-left-flipper-corner,0,0,30
1086,0,FLIPPER_CONTACT_END,flipper-left:poly-vs-left-flipper-corner,0,0,30
1086,1,FLIPPER_CONTACT_BEGIN,flipper-left:poly-vs-left-flipper-corner,0,0,30
1089,0,FLIPPER_CONTACT_END,flipper-left:poly-vs-left-flipper-corner,0,0,30
1089,1,CONTACT_BEGIN,obstacle:7,7,0,30
1090,0,CONTACT_END,obstacle:7,7,0,30
1091,0,FLIPPER_CONTACT_BEGIN,flipper-right:poly-vs-right-flipper-corner,0,0,30
1092,0,FLIPPER_CONTACT_END,flipper-right:poly-vs-right-flipper-corner,0,0,30
1092,1,FLIPPER_CONTACT_BEGIN,flipper-right:poly-vs-right-flipper-corner,0,0,30
1095,0,FLIPPER_CONTACT_END,flipper-right:poly-vs-right-flipper-corner,0,0,30
1104,0,CONTACT_BEGIN,sling-reactive:9,9,0,30
1104,1,CONTACT_BEGIN,sling-corner:9,9,0,30
1104,2,CONTACT_BEGIN,sling-corner:10,10,0,30
1105,0,CONTACT_END,sling-reactive:9,9,0,30
1105,1,HIT,sling-reactive:9,9,0,30
1105,2,CONTACT_END,sling-corner:9,9,0,30
1105,3,CONTACT_END,sling-corner:10,10,0,30
1118,0,CONTACT_BEGIN,left-wall,0,0,30
1119,0,CONTACT_END,left-wall,0,0,30
1151,0,FLIPPER_CONTACT_BEGIN,flipper-left:poly-vs-left-flipper-corner,0,0,30
1152,0,FLIPPER_CONTACT_END,flipper-left:poly-vs-left-flipper-corner,0,0,30
1152,1,FLIPPER_CONTACT_BEGIN,flipper-left:poly-vs-left-flipper-corner,0,0,30
1156,0,FLIPPER_CONTACT_END,flipper-left:poly-vs-left-flipper-corner,0,0,30
1163,0,FLIPPER_CONTACT_BEGIN,flipper-right:poly-vs-right-flipper-corner,0,0,30
1164,0,FLIPPER_CONTACT_END,flipper-right:poly-vs-right-flipper-corner,0,0,30
1164,1,FLIPPER_CONTACT_BEGIN,flipper-right:poly-vs-right-flipper-corner,0,0,30
1168,0,FLIPPER_CONTACT_END,flipper-right:poly-vs-right-flipper-corner,0,0,30
1170,0,CONTACT_BEGIN,plunger-tube,0,0,30
1171,0,CONTACT_END,plunger-tube,0,0,30
1181,0,FLIPPER_CONTACT_BEGIN,flipper-left:poly-vs-left-flipper-corner,0,0,30
1182,0,FLIPPER_CONTACT_END,flipper-left:poly-vs-left-flipper-corner,0,0,30
1182,1,FLIPPER_CONTACT_BEGIN,flipper-left:poly-vs-left-flipper-corner,0,0,30
1185,0,FLIPPER_CONTACT_END,flipper-left:poly-vs-left-flipper-corner,0,0,30
1187,0,FLIPPER_CONTACT_BEGIN,flipper-right:poly-vs-right-flipper-corner,0,0,30
1188,0,FLIPPER_CONTACT_END,flipper-right:poly-vs-right-flipper-corner,0,0,30
1188,1,FLIPPER_CONTACT_BEGIN,flipper-right:poly-vs-right-flipper-corner,0,0,30
1191,0,FLIPPER_CONTACT_END,flipper-right:poly-vs-right-flipper-corner,0,0,30
1206,0,CONTACT_BEGIN,flipper-right:poly,0,0,30
1207,0,CONTACT_END,flipper-right:poly,0,0,30
1216,0,CONTACT_BEGIN,drain,0,0,30
1216,1,DRAIN,drain,0,2,30
1217,0,CONTACT_BEGIN,ground,0,0,30
1219,0,CONTACT_END,ground,0,0,30
1228,0,RESET,ball,0,3,30
1228,1,CONTACT_END,drain,0,0,30
1235,0,CONTACT_BEGIN,ground,0,0,30
1236,0,CONTACT_END,ground,0,0,30
1239,0,CONTACT_BEGIN,ground,0,0,30
1240,0,PLUNGE,ball,0,3,30
1241,0,CONTACT_END,ground,0,0,30
1284,0,CONTACT_BEGIN,top-right-1,0,0,30
1284,1,CONTACT_BEGIN,top-right-2,0,0,30
1284,2,CONTACT_BEGIN,top-right-3,0,0,30
1285,0,CONTACT_END,top-right-1,0,0,30
1285,1,CONTACT_END,top-right-2,0,0,30
1285,2,CONTACT_END,top-right-3,0,0,30
1285,3,FLIPPER_CONTACT_BEGIN,flipper-left:poly-vs-left-flipper-corner,0,0,30
1286,0,FLIPPER_CONTACT_END,flipper-left:poly-vs-left-flipper-corner,0,0,30
1286,1,FLIPPER_CONTACT_BEGIN,flipper-left:poly-vs-left-flipper-corner,0,0,30
1289,0,CONTACT_BEGIN,top-right-8,0,0,30
1289,1,CONTACT_BEGIN,top-right-7,0,0,30
1290,0,CONTACT_END,top-right-8,0,0,30
1290,1,CONTACT_END,top-right-7,0,0,30
1290,2,FLIPPER_CONTACT_END,flipper-left:poly-vs-left-flipper-corner,0,0,30
1295,0,CONTACT_BEGIN,top-right-13,0,0,30
1296,0,CONTACT_BEGIN,top-right-14,0,0,30
1297,0,CONTACT_BEGIN,top-right-15,0,0,30
1297,1,CONTACT_END,top-right-13,0,0,30
1297,2,FLIPPER_CONTACT_BEGIN,flipper-right:poly-vs-right-flipper-corner,0,0,30
1298,0,CONTACT_END,top-right-14,0,0,30
1298,1,FLIPPER_CONTACT_END,flipper-right:poly-vs-right-flipper-corner,0,0,30
1298,2,FLIPPER_CONTACT_BEGIN,flipper-right:poly-vs-right-flipper-corner,0,0,30
1299,0,CONTACT_BEGIN,top-right-16,0,0,30
1299,1,CONTACT_END,top-right-15,0,0,30
1300,0,CONTACT_BEGIN,top-right-17,0,0,30
1301,0,CONTACT_END,top-right-16,0,0,30
1302,0,CONTACT_END,top-right-17,0,0,30
1302,1,CONTACT_BEGIN,top-right-18,0,0,30
1302,2,FLIPPER_CONTACT_END,flipper-right:poly-vs-right-flipper-corner,0,0,30
1303,0,CONTACT_BEGIN,top-right-19,0,0,30
1304,0,CONTACT_END,top-right-18,0,0,30
1305,0,CONTACT_END,top-right-19,0,0,30
1315,0,FLIPPER_CONTACT_BEGIN,flipper-left:poly-vs-left-flipper-corner,0,0,30
1316,0,FLIPPER_CONTACT_END,flipper-left:poly-vs-left-flipper-corner,0,0,30
1316,1,FLIPPER_CONTACT_BEGIN,flipper-left:poly-vs-left-flipper-corner,0,0,30
1319,0,FLIPPER_CONTACT_END,flipper-left:poly-vs-left-flipper-corner,0,0,30
1321,0,FLIPPER_CONTACT_BEGIN,flipper-right:poly-vs-right-flipper-corner,0,0,30
1322,0,FLIPPER_CONTACT_END,flipper-right:poly-vs-right-flipper-corner,0,0,30
1322,1,FLIPPER_CONTACT_BEGIN,flipper-right:poly-vs-right-flipper-corner,0,0,30
1325,0,FLIPPER_CONTACT_END,flipper-right:poly-vs-right-flipper-corner,0,0,30
1361,0,CONTACT_BEGIN,obstacle:7,7,0,30
1362,0,CONTACT_END,obstacle:7,7,0,30
1381,0,FLIPPER_CONTACT_BEGIN,flipper-left:poly-vs-left-flipper-corner,0,0,30
1382,0,FLIPPER_CONTACT_END,flipper-left:poly-vs-left-flipper-corner,0,0,30
1382,1,FLIPPER_CONTACT_BEGIN,flipper-left:poly-vs-left-flipper-corner,0,0,30
1386,0,FLIPPER_CONTACT_END,flipper-left:poly-vs-left-flipper-corner,0,0,30
1393,0,FLIPPER_CONTACT_BEGIN,flipper-right:poly-vs-right-flipper-corner,0,0,30
1394,0,FLIPPER_CONTACT_END,flipper-right:poly-vs-right-flipper-corner,0,0,30
1394,1,FLIPPER_CONTACT_BEGIN,flipper-right:poly-vs-right-flipper-corner,0,0,30
1398,0,FLIPPER_CONTACT_END,flipper-right:poly-vs-right-flipper-corner,0,0,30
1410,0,CONTACT_BEGIN,sling-corner:5,5,0,30
1410,1,CONTACT_BEGIN,sling-reactive:5,5,0,30
1411,0,CONTACT_END,sling-reactive:5,5,0,30
1411,1,HIT,sling-reactive:5,5,5,35
1411,2,CONTACT_END,sling-corner:5,5,0,35
1411,3,FLIPPER_CONTACT_BEGIN,flipper-left:poly-vs-left-flipper-corner,0,0,35
1412,0,FLIPPER_CONTACT_END,flipper-left:poly-vs-left-flipper-corner,0,0,35
1412,1,FLIPPER_CONTACT_BEGIN,flipper-left:poly-vs-left-flipper-corner,0,0,35
1415,0,FLIPPER_CONTACT_END,flipper-left:poly-vs-left-flipper-corner,0,0,35
1417,0,FLIPPER_CONTACT_BEGIN,flipper-right:poly-vs-right-flipper-corner,0,0,35
1418,0,FLIPPER_CONTACT_END,flipper-right:poly-vs-right-flipper-corner,0,0,35
1418,1,FLIPPER_CONTACT_BEGIN,flipper-right:poly-vs-right-flipper-corner,0,0,35
1421,0,FLIPPER_CONTACT_END,flipper-right:poly-vs-right-flipper-corner,0,0,35
1456,0,CONTACT_BEGIN,obstacle:7,7,0,35
1457,0,CONTACT_END,obstacle:7,7,0,35
1477,0,FLIPPER_CONTACT_BEGIN,flipper-left:poly-vs-left-flipper-corner,0,0,35
1478,0,FLIPPER_CONTACT_END,flipper-left:poly-vs-left-flipper-corner,0,0,35
1478,1,FLIPPER_CONTACT_BEGIN,flipper-left:poly-vs-left-flipper-corner,0,0,35
1482,0,FLIPPER_CONTACT_END,flipper-left:poly-vs-left-flipper-corner,0,0,35
1489,0,FLIPPER_CONTACT_BEGIN,flipper-right:poly-vs-right-flipper-corner,0,0,35
1490,0,FLIPPER_CONTACT_END,flipper-right:poly-vs-right-flipper-corner,0,0,35
1490,1,FLIPPER_CONTACT_BEGIN,flipper-right:poly-vs-right-flipper-corner,0,0,35
1494,0,FLIPPER_CONTACT_END,flipper-right:poly-vs-right-flipper-corner,0,0,35
1507,0,FLIPPER_CONTACT_BEGIN,flipper-left:poly-vs-left-flipper-corner,0,0,35
1508,0,FLIPPER_CONTACT_END,flipper-left:poly-vs-left-flipper-corner,0,0,35
1508,1,FLIPPER_CONTACT_BEGIN,flipper-left:poly-vs-left-flipper-corner,0,0,35
1511,0,FLIPPER_CONTACT_END,flipper-left:poly-vs-left-flipper-corner,0,0,35
1513,0,FLIPPER_CONTACT_BEGIN,flipper-right:poly-vs-right-flipper-corner,0,0,35
1514,0,FLIPPER_CONTACT_END,flipper-right:poly-vs-right-flipper-corner,0,0,35
1514,1,FLIPPER_CONTACT_BEGIN,flipper-right:poly-vs-right-flipper-corner,0,0,35
1517,0,FLIPPER_CONTACT_END,flipper-right:poly-vs-right-flipper-corner,0,0,35
1533,0,CONTACT_BEGIN,sling-reactive:9,9,0,35
1533,1,CONTACT_BEGIN,sling-corner:9,9,0,35
1534,0,CONTACT_END,sling-corner:9,9,0,35
1534,1,CONTACT_END,sling-reactive:9,9,0,35
1534,2,HIT,sling-reactive:9,9,0,35
1545,0,CONTACT_BEGIN,left-wall,0,0,35
1546,0,CONTACT_END,left-wall,0,0,35
1573,0,FLIPPER_CONTACT_BEGIN,flipper-left:poly-vs-left-flipper-corner,0,0,35
1574,0,FLIPPER_CONTACT_END,flipper-left:poly-vs-left-flipper-corner,0,0,35
1574,1,FLIPPER_CONTACT_BEGIN,flipper-left:poly-vs-left-flipper-corner,0,0,35
1578,0,FLIPPER_CONTACT_END,flipper-left:poly-vs-left-flipper-corner,0,0,35
1585,0,FLIPPER_CONTACT_BEGIN,flipper-right:poly-vs-right-flipper-corner,0,0,35
1586,0,FLIPPER_CONTACT_END,flipper-right:poly-vs-right-flipper-corner,0,0,35
1586,1,FLIPPER_CONTACT_BEGIN,flipper-right:poly-vs-right-flipper-corner,0,0,35
1590,0,FLIPPER_CONTACT_END,flipper-right:poly-vs-right-flipper-corner,0,0,35
1598,0,CONTACT_BEGIN,sling-reactive:5,5,0,35
1599,0,CONTACT_END,sling-reactive:5,5,0,35
1599,1,HIT,sling-reactive:5,5,5,40
1603,0,FLIPPER_CONTACT_BEGIN,flipper-left:poly-vs-left-flipper-corner,0,0,40
1604,0,FLIPPER_CONTACT_END,flipper-left:poly-vs-left-flipper-corner,0,0,40
1604,1,FLIPPER_CONTACT_BEGIN,flipper-left:poly-vs-left-flipper-corner,0,0,40
1607,0,FLIPPER_CONTACT_END,flipper-left:poly-vs-left-flipper-corner,0,0,40
1608,0,CONTACT_BEGIN,obstacle:8,8,0,40
1609,0,CONTACT_END,obstacle:8,8,0,40
1609,1,FLIPPER_CONTACT_BEGIN,flipper-right:poly-vs-right-flipper-corner,0,0,40
1610,0,FLIPPER_CONTACT_END,flipper-right:poly-vs-right-flipper-corner,0,0,40
1610,1,FLIPPER_CONTACT_BEGIN,flipper-right:poly-vs-right-flipper-corner,0,0,40
1613,0,FLIPPER_CONTACT_END,flipper-right:poly-vs-right-flipper-corner,0,0,40
1630,0,CONTACT_BEGIN,flipper-right:pivot,0,0,40
1630,1,CONTACT_BEGIN,flipper-right:poly,0,0,40
1631,0,CONTACT_END,flipper-right:pivot,0,0,40
1631,1,CONTACT_END,flipper-right:poly,0,0,40
1662,0,CONTACT_BEGIN,flipper-right:poly,0,0,40
1663,0,CONTACT_END,flipper-right:poly,0,0,40
1669,0,FLIPPER_CONTACT_BEGIN,flipper-left:poly-vs-left-flipper-corner,0,0,40
1670,0,CONTACT_BEGIN,flipper-right:poly,0,0,40
1670,1,FLIPPER_CONTACT_END,flipper-left:poly-vs-left-flipper-corner,0,0,40
1670,2,FLIPPER_CONTACT_BEGIN,flipper-left:poly-vs-left-flipper-corner,0,0,40
1674,0,FLIPPER_CONTACT_END,flipper-left:poly-vs-left-flipper-corner,0,0,40
1679,0,CONTACT_END,flipper-right:poly,0,0,40
1681,0,FLIPPER_CONTACT_BEGIN,flipper-right:poly-vs-right-flipper-corner,0,0,40
1682,0,FLIPPER_CONTACT_END,flipper-right:poly-vs-right-flipper-corner,0,0,40
1683,0,FLIPPER_CONTACT_BEGIN,flipper-right:poly-vs-right-flipper-corner,0,0,40
1684,0,FLIPPER_CONTACT_END,flipper-right:poly-vs-right-flipper-corner,0,0,40
1685,0,CONTACT_BEGIN,sling-reactive:4,4,0,40
1686,0,CONTACT_END,sling-reactive:4,4,0,40
1686,1,HIT,sling-reactive:4,4,5,45
1699,0,FLIPPER_CONTACT_BEGIN,flipper-left:poly-vs-left-flipper-corner,0,0,45
1700,0,FLIPPER_CONTACT_END,flipper-left:poly-vs-left-flipper-corner,0,0,45
1700,1,FLIPPER_CONTACT_BEGIN,flipper-left:poly-vs-left-flipper-corner,0,0,45
1703,0,FLIPPER_CONTACT_END,flipper-left:poly-vs-left-flipper-corner,0,0,45
1703,1,CONTACT_BEGIN,obstacle:7,7,0,45
1704,0,CONTACT_END,obstacle:7,7,0,45
1705,0,FLIPPER_CONTACT_BEGIN,flipper-right:poly-vs-right-flipper-corner,0,0,45
1706,0,FLIPPER_CONTACT_END,flipper-right:poly-vs-right-flipper-corner,0,0,45
1706,1,FLIPPER_CONTACT_BEGIN,flipper-right:poly-vs-right-flipper-corner,0,0,45
1709,0,FLIPPER_CONTACT_END,flipper-right:poly-vs-right-flipper-corner,0,0,45
1718,0,CONTACT_BEGIN,sling-reactive:9,9,0,45
1718,1,CONTACT_BEGIN,sling-corner:9,9,0,45
1718,2,CONTACT_BEGIN,sling-corner:10,10,0,45
1719,0,CONTACT_END,sling-reactive:9,9,0,45
1719,1,HIT,sling-reactive:9,9,0,45
1719,2,CONTACT_END,sling-corner:9,9,0,45
1719,3,CONTACT_END,sling-corner:10,10,0,45
1732,0,CONTACT_BEGIN,left-wall,0,0,45
1733,0,CONTACT_END,left-wall,0,0,45
1765,0,FLIPPER_CONTACT_BEGIN,flipper-left:poly-vs-left-flipper-corner,0,0,45
1766,0,FLIPPER_CONTACT_END,flipper-left:poly-vs-left-flipper-corner,0,0,45
1766,1,FLIPPER_CONTACT_BEGIN,flipper-left:poly-vs-left-flipper-corner,0,0,45
1770,0,FLIPPER_CONTACT_END,flipper-left:poly-vs-left-flipper-corner,0,0,45
1777,0,FLIPPER_CONTACT_BEGIN,flipper-right:poly-vs-right-flipper-corner,0,0,45
1778,0,FLIPPER_CONTACT_END,flipper-right:poly-vs-right-flipper-corner,0,0,45
1778,1,FLIPPER_CONTACT_BEGIN,flipper-right:poly-vs-right-flipper-corner,0,0,45
1782,0,FLIPPER_CONTACT_END,flipper-right:poly-vs-right-flipper-corner,0,0,45
1784,0,CONTACT_BEGIN,plunger-tube,0,0,45
1785,0,CONTACT_END,plunger-tube,0,0,45
1795,0,FLIPPER_CONTACT_BEGIN,flipper-left:poly-vs-left-flipper-corner,0,0,45
1796,0,FLIPPER_CONTACT_END,flipper-left:poly-vs-left-flipper-corner,0,0,45
1796,1,FLIPPER_CONTACT_BEGIN,flipper-left:poly-vs-left-flipper-corner,0,0,45
1799,0,FLIPPER_CONTACT_END,flipper-left:poly-vs-left-flipper-corner,0,0,45
1801,0,FLIPPER_CONTACT_BEGIN,flipper-right:poly-vs-right-flipper-corner,0,0,45
1802,0,FLIPPER_CONTACT_END,flipper-right:poly-vs-right-flipper-corner,0,0,45
1802,1,FLIPPER_CONTACT_BEGIN,flipper-right:poly-vs-right-flipper-corner,0,0,45
1805,0,FLIPPER_CONTACT_END,flipper-right:poly-vs-right-flipper-corner,0,0,45
1820,0,CONTACT_BEGIN,flipper-right:poly,0,0,45
1821,0,CONTACT_END,flipper-right:poly,0,0,45
1830,0,CONTACT_BEGIN,drain,0,0,45
1830,1,DRAIN,drain,0,3,45
1831,0,CONTACT_BEGIN,ground,0,0,45
1833,0,CONTACT_END,ground,0,0,45
