phase,frame,x,y,comx,comy,vx,vy,angle,omega,localcx,localcy
before,0,0.225999996,0.156000003,0.258173943,0.131869555,0.000000000,0.000000000,-0.643501103,-15.000000000,0.040217418,0.000000000
after,0,0.225999996,0.156000003,0.258173943,0.131869555,0.000000000,-0.000000000,-0.643501043,-0.000000000,0.040217418,0.000000000
before,1,0.225999996,0.156000003,0.258173943,0.131869555,0.000000000,-0.000000000,-0.643501043,-15.000000000,0.040217418,0.000000000
after,1,0.225999996,0.156000003,0.254902422,0.128034100,-0.182091415,-0.242788583,-0.768931806,-7.546126366,0.040217418,0.000000000
before,2,0.225999996,0.156000003,0.254902422,0.128034100,-0.182091415,-0.242788583,-0.768931806,-15.000000000,0.040217418,0.000000000
after,2,0.226008624,0.155992940,0.256717801,0.130023971,-0.000000000,-0.000000000,-0.701958776,-0.000000000,0.040217418,0.000000000
before,3,0.226008624,0.155992940,0.256717801,0.130023971,-0.000000000,-0.000000000,-0.701958776,-15.000000000,0.040217418,0.000000000
after,3,0.226000592,0.155999541,0.257157356,0.130569294,0.000000000,0.000000000,-0.684543133,0.000000000,0.040217418,0.000000000
before,4,0.226000592,0.155999541,0.257157356,0.130569294,0.000000000,0.000000000,-0.684543133,-15.000000000,0.040217418,0.000000000
after,4,0.226000041,0.155999973,0.257271856,0.130711347,-0.000000000,0.000000000,-0.680005968,-0.000000000,0.040217418,0.000000000
before,5,0.226000041,0.155999973,0.257271856,0.130711347,-0.000000000,0.000000000,-0.680005968,-15.000000000,0.040217418,0.000000000
after,5,0.225999996,0.156000003,0.257301688,0.130748361,0.000000000,0.000000000,-0.678824008,-0.000000000,0.040217418,0.000000000
before,6,0.225999996,0.156000003,0.257301688,0.130748361,0.000000000,0.000000000,-0.678824008,-15.000000000,0.040217418,0.000000000
after,6,0.225999996,0.156000003,0.257309467,0.130758017,0.000000000,0.000000000,-0.678516090,-0.000000000,0.040217418,0.000000000
before,7,0.225999996,0.156000003,0.257309467,0.130758017,0.000000000,0.000000000,-0.678516090,-15.000000000,0.040217418,0.000000000
after,7,0.225999996,0.156000003,0.257311493,0.130760521,0.000000000,0.000000000,-0.678435922,-0.000000000,0.040217418,0.000000000
before,8,0.225999996,0.156000003,0.257311493,0.130760521,0.000000000,0.000000000,-0.678435922,-15.000000000,0.040217418,0.000000000
after,8,0.225999996,0.156000003,0.257312000,0.130761176,0.000000000,0.000000000,-0.678415060,-0.000000000,0.040217418,0.000000000
before,9,0.225999996,0.156000003,0.257312000,0.130761176,0.000000000,0.000000000,-0.678415060,-15.000000000,0.040217418,0.000000000
after,9,0.225999996,0.156000003,0.257312149,0.130761355,0.000000000,0.000000000,-0.678409457,-0.000000000,0.040217418,0.000000000
before,10,0.225999996,0.156000003,0.257312149,0.130761355,0.000000000,0.000000000,-0.678409457,-15.000000000,0.040217418,0.000000000
after,10,0.225999996,0.156000003,0.257312179,0.130761385,-0.000000000,0.000000000,-0.678408086,-0.000000000,0.040217418,0.000000000
before,11,0.225999996,0.156000003,0.257312179,0.130761385,-0.000000000,0.000000000,-0.678408086,-15.000000000,0.040217418,0.000000000
after,11,0.225999996,0.156000003,0.257312179,0.130761400,0.000000000,-0.000000000,-0.678407848,0.000000000,0.040217418,0.000000000
before,12,0.225999996,0.156000003,0.257312179,0.130761400,0.000000000,-0.000000000,-0.678407848,-15.000000000,0.040217418,0.000000000
after,12,0.225999996,0.156000003,0.257312179,0.130761400,0.000000000,-0.000000000,-0.678407848,0.000000000,0.040217418,0.000000000
before,13,0.225999996,0.156000003,0.257312179,0.130761400,0.000000000,-0.000000000,-0.678407848,-15.000000000,0.040217418,0.000000000
after,13,0.225999996,0.156000003,0.257312179,0.130761400,0.000000000,0.000000000,-0.678407848,-0.000000000,0.040217418,0.000000000
before,14,0.225999996,0.156000003,0.257312179,0.130761400,0.000000000,0.000000000,-0.678407848,-15.000000000,0.040217418,0.000000000
after,14,0.225999996,0.156000003,0.257312179,0.130761400,0.000000000,-0.000000000,-0.678407848,0.000000000,0.040217418,0.000000000
before,15,0.225999996,0.156000003,0.257312179,0.130761400,0.000000000,-0.000000000,-0.678407848,-15.000000000,0.040217418,0.000000000
after,15,0.225999996,0.156000003,0.257312179,0.130761400,0.000000000,0.000000000,-0.678407848,-0.000000000,0.040217418,0.000000000
before,16,0.225999996,0.156000003,0.257312179,0.130761400,0.000000000,0.000000000,-0.678407848,-15.000000000,0.040217418,0.000000000
after,16,0.225999996,0.156000003,0.257312179,0.130761400,0.000000000,-0.000000000,-0.678407848,0.000000000,0.040217418,0.000000000
before,17,0.225999996,0.156000003,0.257312179,0.130761400,0.000000000,-0.000000000,-0.678407848,-15.000000000,0.040217418,0.000000000
after,17,0.225999996,0.156000003,0.257312179,0.130761400,0.000000000,0.000000000,-0.678407848,-0.000000000,0.040217418,0.000000000
before,18,0.225999996,0.156000003,0.257312179,0.130761400,0.000000000,0.000000000,-0.678407848,-15.000000000,0.040217418,0.000000000
after,18,0.225999996,0.156000003,0.257312179,0.130761400,0.000000000,-0.000000000,-0.678407848,0.000000000,0.040217418,0.000000000
before,19,0.225999996,0.156000003,0.257312179,0.130761400,0.000000000,-0.000000000,-0.678407848,-15.000000000,0.040217418,0.000000000
after,19,0.225999996,0.156000003,0.257312179,0.130761400,0.000000000,0.000000000,-0.678407848,-0.000000000,0.040217418,0.000000000
before,20,0.225999996,0.156000003,0.257312179,0.130761400,0.000000000,0.000000000,-0.678407848,-15.000000000,0.040217418,0.000000000
after,20,0.225999996,0.156000003,0.257312179,0.130761400,0.000000000,-0.000000000,-0.678407848,0.000000000,0.040217418,0.000000000
before,21,0.225999996,0.156000003,0.257312179,0.130761400,0.000000000,-0.000000000,-0.678407848,-15.000000000,0.040217418,0.000000000
after,21,0.225999996,0.156000003,0.257312179,0.130761400,0.000000000,0.000000000,-0.678407848,-0.000000000,0.040217418,0.000000000
before,22,0.225999996,0.156000003,0.257312179,0.130761400,0.000000000,0.000000000,-0.678407848,-15.000000000,0.040217418,0.000000000
after,22,0.225999996,0.156000003,0.257312179,0.130761400,0.000000000,-0.000000000,-0.678407848,0.000000000,0.040217418,0.000000000
before,23,0.225999996,0.156000003,0.257312179,0.130761400,0.000000000,-0.000000000,-0.678407848,-15.000000000,0.040217418,0.000000000
after,23,0.225999996,0.156000003,0.257312179,0.130761400,0.000000000,0.000000000,-0.678407848,-0.000000000,0.040217418,0.000000000
before,24,0.225999996,0.156000003,0.257312179,0.130761400,0.000000000,0.000000000,-0.678407848,-15.000000000,0.040217418,0.000000000
after,24,0.225999996,0.156000003,0.257312179,0.130761400,0.000000000,-0.000000000,-0.678407848,0.000000000,0.040217418,0.000000000
before,25,0.225999996,0.156000003,0.257312179,0.130761400,0.000000000,-0.000000000,-0.678407848,-15.000000000,0.040217418,0.000000000
after,25,0.225999996,0.156000003,0.257312179,0.130761400,0.000000000,0.000000000,-0.678407848,-0.000000000,0.040217418,0.000000000
before,26,0.225999996,0.156000003,0.257312179,0.130761400,0.000000000,0.000000000,-0.678407848,-15.000000000,0.040217418,0.000000000
after,26,0.225999996,0.156000003,0.257312179,0.130761400,0.000000000,-0.000000000,-0.678407848,0.000000000,0.040217418,0.000000000
before,27,0.225999996,0.156000003,0.257312179,0.130761400,0.000000000,-0.000000000,-0.678407848,-15.000000000,0.040217418,0.000000000
after,27,0.225999996,0.156000003,0.257312179,0.130761400,0.000000000,0.000000000,-0.678407848,-0.000000000,0.040217418,0.000000000
before,28,0.225999996,0.156000003,0.257312179,0.130761400,0.000000000,0.000000000,-0.678407848,-15.000000000,0.040217418,0.000000000
after,28,0.225999996,0.156000003,0.257312179,0.130761400,0.000000000,-0.000000000,-0.678407848,0.000000000,0.040217418,0.000000000
before,29,0.225999996,0.156000003,0.257312179,0.130761400,0.000000000,-0.000000000,-0.678407848,-15.000000000,0.040217418,0.000000000
after,29,0.225999996,0.156000003,0.257312179,0.130761400,0.000000000,0.000000000,-0.678407848,-0.000000000,0.040217418,0.000000000
before,30,0.225999996,0.156000003,0.257312179,0.130761400,0.000000000,0.000000000,-0.678407848,-15.000000000,0.040217418,0.000000000
after,30,0.225999996,0.156000003,0.257312179,0.130761400,0.000000000,-0.000000000,-0.678407848,0.000000000,0.040217418,0.000000000
before,31,0.225999996,0.156000003,0.257312179,0.130761400,0.000000000,-0.000000000,-0.678407848,-15.000000000,0.040217418,0.000000000
after,31,0.225999996,0.156000003,0.257312179,0.130761400,0.000000000,0.000000000,-0.678407848,-0.000000000,0.040217418,0.000000000
before,32,0.225999996,0.156000003,0.257312179,0.130761400,0.000000000,0.000000000,-0.678407848,-15.000000000,0.040217418,0.000000000
after,32,0.225999996,0.156000003,0.257312179,0.130761400,0.000000000,-0.000000000,-0.678407848,0.000000000,0.040217418,0.000000000
before,33,0.225999996,0.156000003,0.257312179,0.130761400,0.000000000,-0.000000000,-0.678407848,-15.000000000,0.040217418,0.000000000
after,33,0.225999996,0.156000003,0.257312179,0.130761400,0.000000000,0.000000000,-0.678407848,-0.000000000,0.040217418,0.000000000
before,34,0.225999996,0.156000003,0.257312179,0.130761400,0.000000000,0.000000000,-0.678407848,-15.000000000,0.040217418,0.000000000
after,34,0.225999996,0.156000003,0.257312179,0.130761400,0.000000000,-0.000000000,-0.678407848,0.000000000,0.040217418,0.000000000
before,35,0.225999996,0.156000003,0.257312179,0.130761400,0.000000000,-0.000000000,-0.678407848,-15.000000000,0.040217418,0.000000000
after,35,0.225999996,0.156000003,0.257312179,0.130761400,0.000000000,0.000000000,-0.678407848,-0.000000000,0.040217418,0.000000000
before,36,0.225999996,0.156000003,0.257312179,0.130761400,0.000000000,0.000000000,-0.678407848,-15.000000000,0.040217418,0.000000000
after,36,0.225999996,0.156000003,0.257312179,0.130761400,0.000000000,-0.000000000,-0.678407848,0.000000000,0.040217418,0.000000000
before,37,0.225999996,0.156000003,0.257312179,0.130761400,0.000000000,-0.000000000,-0.678407848,-15.000000000,0.040217418,0.000000000
after,37,0.225999996,0.156000003,0.257312179,0.130761400,0.000000000,0.000000000,-0.678407848,-0.000000000,0.040217418,0.000000000
before,38,0.225999996,0.156000003,0.257312179,0.130761400,0.000000000,0.000000000,-0.678407848,-15.000000000,0.040217418,0.000000000
after,38,0.225999996,0.156000003,0.257312179,0.130761400,0.000000000,-0.000000000,-0.678407848,0.000000000,0.040217418,0.000000000
before,39,0.225999996,0.156000003,0.257312179,0.130761400,0.000000000,-0.000000000,-0.678407848,-15.000000000,0.040217418,0.000000000
after,39,0.225999996,0.156000003,0.257312179,0.130761400,0.000000000,0.000000000,-0.678407848,-0.000000000,0.040217418,0.000000000
before,40,0.225999996,0.156000003,0.257312179,0.130761400,0.000000000,0.000000000,-0.678407848,-15.000000000,0.040217418,0.000000000
after,40,0.225999996,0.156000003,0.257312179,0.130761400,0.000000000,-0.000000000,-0.678407848,0.000000000,0.040217418,0.000000000
before,41,0.225999996,0.156000003,0.257312179,0.130761400,0.000000000,-0.000000000,-0.678407848,-15.000000000,0.040217418,0.000000000
after,41,0.225999996,0.156000003,0.257312179,0.130761400,0.000000000,0.000000000,-0.678407848,-0.000000000,0.040217418,0.000000000
before,42,0.225999996,0.156000003,0.257312179,0.130761400,0.000000000,0.000000000,-0.678407848,-15.000000000,0.040217418,0.000000000
after,42,0.225999996,0.156000003,0.257312179,0.130761400,0.000000000,-0.000000000,-0.678407848,0.000000000,0.040217418,0.000000000
before,43,0.225999996,0.156000003,0.257312179,0.130761400,0.000000000,-0.000000000,-0.678407848,-15.000000000,0.040217418,0.000000000
after,43,0.225999996,0.156000003,0.257312179,0.130761400,0.000000000,0.000000000,-0.678407848,-0.000000000,0.040217418,0.000000000
before,44,0.225999996,0.156000003,0.257312179,0.130761400,0.000000000,0.000000000,-0.678407848,-15.000000000,0.040217418,0.000000000
after,44,0.225999996,0.156000003,0.257312179,0.130761400,0.000000000,-0.000000000,-0.678407848,0.000000000,0.040217418,0.000000000
before,45,0.225999996,0.156000003,0.257312179,0.130761400,0.000000000,-0.000000000,-0.678407848,-15.000000000,0.040217418,0.000000000
after,45,0.225999996,0.156000003,0.257312179,0.130761400,0.000000000,0.000000000,-0.678407848,-0.000000000,0.040217418,0.000000000
before,46,0.225999996,0.156000003,0.257312179,0.130761400,0.000000000,0.000000000,-0.678407848,-15.000000000,0.040217418,0.000000000
after,46,0.225999996,0.156000003,0.257312179,0.130761400,0.000000000,-0.000000000,-0.678407848,0.000000000,0.040217418,0.000000000
before,47,0.225999996,0.156000003,0.257312179,0.130761400,0.000000000,-0.000000000,-0.678407848,-15.000000000,0.040217418,0.000000000
after,47,0.225999996,0.156000003,0.257312179,0.130761400,0.000000000,0.000000000,-0.678407848,-0.000000000,0.040217418,0.000000000
before,48,0.225999996,0.156000003,0.257312179,0.130761400,0.000000000,0.000000000,-0.678407848,-15.000000000,0.040217418,0.000000000
after,48,0.225999996,0.156000003,0.257312179,0.130761400,0.000000000,-0.000000000,-0.678407848,0.000000000,0.040217418,0.000000000
before,49,0.225999996,0.156000003,0.257312179,0.130761400,0.000000000,-0.000000000,-0.678407848,-15.000000000,0.040217418,0.000000000
after,49,0.225999996,0.156000003,0.257312179,0.130761400,0.000000000,0.000000000,-0.678407848,-0.000000000,0.040217418,0.000000000
before,50,0.225999996,0.156000003,0.257312179,0.130761400,0.000000000,0.000000000,-0.678407848,-15.000000000,0.040217418,0.000000000
after,50,0.225999996,0.156000003,0.257312179,0.130761400,0.000000000,-0.000000000,-0.678407848,0.000000000,0.040217418,0.000000000
before,51,0.225999996,0.156000003,0.257312179,0.130761400,0.000000000,-0.000000000,-0.678407848,-15.000000000,0.040217418,0.000000000
after,51,0.225999996,0.156000003,0.257312179,0.130761400,0.000000000,0.000000000,-0.678407848,-0.000000000,0.040217418,0.000000000
before,52,0.225999996,0.156000003,0.257312179,0.130761400,0.000000000,0.000000000,-0.678407848,-15.000000000,0.040217418,0.000000000
after,52,0.225999996,0.156000003,0.257312179,0.130761400,0.000000000,-0.000000000,-0.678407848,0.000000000,0.040217418,0.000000000
before,53,0.225999996,0.156000003,0.257312179,0.130761400,0.000000000,-0.000000000,-0.678407848,-15.000000000,0.040217418,0.000000000
after,53,0.225999996,0.156000003,0.257312179,0.130761400,0.000000000,0.000000000,-0.678407848,-0.000000000,0.040217418,0.000000000
before,54,0.225999996,0.156000003,0.257312179,0.130761400,0.000000000,0.000000000,-0.678407848,50.000000000,0.040217418,0.000000000
after,54,0.225999996,0.156000003,0.264597446,0.144700557,0.612856746,0.760338485,-0.284793347,24.282508850,0.040217418,0.000000000
before,55,0.225999996,0.156000003,0.264597446,0.144700557,0.612856746,0.760338485,-0.284793347,50.000000000,0.040217418,0.000000000
after,55,0.225999996,0.156000003,0.264701962,0.166936129,0.403198242,1.377272606,0.275392801,35.682994843,0.040217418,0.000000000
before,56,0.225999996,0.156000003,0.264701962,0.166936129,0.403198242,1.377272606,0.275392801,50.000000000,0.040217418,0.000000000
after,56,0.225999996,0.155999988,0.251330256,0.187238097,-0.433784813,1.535126090,0.889458060,39.665328979,0.040217418,0.000000000
before,57,0.225999996,0.155999988,0.251330256,0.187238097,-0.433784813,1.535126090,0.889458060,50.000000000,0.040217418,0.000000000
after,57,0.247725040,0.156355947,0.243441626,0.196344599,-0.015717532,0.590857983,1.677504778,51.856075287,0.040217418,0.000000000
before,58,0.247725040,0.156355947,0.243441626,0.196344599,-0.015717532,0.590857983,1.677504778,50.000000000,0.040217418,0.000000000
after,58,0.234659553,0.155168891,0.240755647,0.194921598,-0.000000000,-0.000000000,1.418630958,0.000000000,0.040217418,0.000000000
before,59,0.234659553,0.155168891,0.240755647,0.194921598,-0.000000000,-0.000000000,1.418630958,50.000000000,0.040217418,0.000000000
after,59,0.231941551,0.154896259,0.241959184,0.193846077,-0.000000000,-0.000000000,1.319059134,0.000000000,0.040217418,0.000000000
before,60,0.231941551,0.154896259,0.241959184,0.193846077,-0.000000000,-0.000000000,1.319059134,50.000000000,0.040217418,0.000000000
after,60,0.226039097,0.156070039,0.244150668,0.191978425,0.000000000,0.000000000,1.103648782,0.000000000,0.040217418,0.000000000
before,61,0.226039097,0.156070039,0.244150668,0.191978425,0.000000000,0.000000000,1.103648782,-15.000000000,0.040217418,0.000000000
after,61,0.227130741,0.155743331,0.249251574,0.189330682,0.267793953,-0.135070607,0.988394856,-7.457700253,0.040217418,0.000000000
before,62,0.227130741,0.155743331,0.249251574,0.189330682,0.267793953,-0.135070607,0.988394856,-15.000000000,0.040217418,0.000000000
after,62,0.225999996,0.156000003,0.254329354,0.184546262,0.378333151,-0.249172539,0.789211750,-11.264159203,0.040217418,0.000000000
before,63,0.225999996,0.156000003,0.254329354,0.184546262,0.378333151,-0.249172539,0.789211750,-15.000000000,0.040217418,0.000000000
after,63,0.225999996,0.156000003,0.259822071,0.177760258,0.375601321,-0.372747451,0.571703315,-13.157641411,0.040217418,0.000000000
before,64,0.225999996,0.156000003,0.259822071,0.177760258,0.375601321,-0.372747451,0.571703315,-15.000000000,0.040217418,0.000000000
after,64,0.225999996,0.156000003,0.263932943,0.169361606,0.307125658,-0.477367014,0.338671327,-14.114070892,0.040217418,0.000000000
before,65,0.225999996,0.156000003,0.263932943,0.169361606,0.307125658,-0.477367014,0.338671327,-15.000000000,0.040217418,0.000000000
after,65,0.225999996,0.156000003,0.266024798,0.159931421,0.194967240,-0.553502738,0.097910419,-14.591609001,0.040217418,0.000000000
before,66,0.225999996,0.156000003,0.266024798,0.159931421,0.194967240,-0.553502738,0.097910419,-15.000000000,0.040217418,0.000000000
after,66,0.225999996,0.156000003,0.265785575,0.150122151,0.058296639,-0.593504071,-0.146677166,-14.828408241,0.040217418,0.000000000
before,67,0.225999996,0.156000003,0.265785575,0.150122151,0.058296639,-0.593504071,-0.146677166,-15.000000000,0.040217418,0.000000000
after,67,0.225999996,0.156000018,0.263151050,0.140597418,-0.087799303,-0.594289899,-0.393023610,-14.937321663,0.040217418,0.000000000
before,68,0.225999996,0.156000018,0.263151050,0.140597418,-0.087799303,-0.594289899,-0.393023610,-15.000000000,0.040217418,0.000000000
after,68,0.225999996,0.156000003,0.258260131,0.131984919,-0.230598971,-0.556204557,-0.639920413,-14.971434593,0.040217418,0.000000000
before,69,0.225999996,0.156000003,0.258260131,0.131984919,-0.230598971,-0.556204557,-0.639920413,-15.000000000,0.040217418,0.000000000
after,69,0.225999996,0.156000003,0.251420140,0.124835014,-0.359182686,-0.482499927,-0.886577129,-14.956541061,0.040217418,0.000000000
